======================================================================
Adversarial Probes — Batch 2 (25 probes)
======================================================================

Running enrichment pipeline for: LongNameCo
  [1/6] Looking up Crunchbase data...
  Company 'LongNameCo' not in ODM sample - using mock data
  [2/6] Checking funding events...
  [3/6] Checking layoffs.fyi...
layoffs.csv not found - returning no layoff signal
  [4/6] Fetching job posts...
Fetching jobs from RemoteOK...
Total jobs fetched: 99
Sample job structure:
{
  "slug": "remote-applied-ai-engineer-europe-amigo-1131296",
  "id": "1131296",
  "epoch": 1776960017,
  "date": "2026-04-23T16:00:17+00:00",
  "company": "Amigo",
  "company_logo": "",
  "position": "Applied AI Engineer Europe",
  "tags": [
    "system",
    "python",
    "technical",
    "support",
    "software",
    "testing",
    "code",
    "investment",
    "git",
    "api",
    "leader",
    "operational",
    "reliability",
    "go",
    "health",
    "healthcare",
    "engineer",
    "engineering"
  ],
  "description": "<h1>About Amigo</h1><p style=\"min-height:1.5em\">Amigo partners with healthcare organizations to deploy robust AI infrastructure that directly serves patients and providers. Our agents handle clinical workflows and patient engagement across the entire journey: pre-visit intake, care navigation, post-visit care plans, patient monitoring, and more.</p><p style=\"min-height:1.5em\">We're fresh off our Series A backed by Tier 1 investors like Madrona, General Catalyst, and Optum Ventures. Our work is validated with leading academic medical institutions. Our agents have reached 3M+ patient encounters and are on track to 10x this year.</p><h1>About this role</h1><p style=\"min-height:1.5em\">The Applied AI Engineer role at Amigo is a launchpad. You'll ship production AI agents end-to-end \u00e2\u0080\u0094 writing the code, shaping product decisions, and sitting with customers as they deploy \u00e2\u0080\u0094 and in doing so, you'll build the exact skill set that opens doors to the next chapter of your career at Amigo.</p><p style=\"min-height:1.5em\"><strong>This role is designed to help you grow into other parts of the company.</strong> Applied AI Engineers move into one of four paths within 6\u00e2\u0080\u009312 months:</p><p style=\"min-height:1.5em\"></p><ul style=\"min-height:1.5em\"><li><p style=\"min-height:1.5em\"><strong>Applied AI</strong>: stay in the org; go deeper on agent architecture, verification frameworks, and the hardest customer problems; become a technical leader on the applied team</p></li><li><p style=\"min-height:1.5em\"><strong>Product Management</strong>: if you gravitate toward roadmap, discovery, and shaping what we build next</p></li><li><p style=\"min-height:1.5em\"><strong>Sales Engineering</strong>: if you thrive in pre-sales, technical storytelling, and closing enterprise deals</p></li><li><p style=\"min-height:1.5em\"><strong>Software Engineering</strong>: if you want to go deeper on platform, infrastructure, and core systems</p></li></ul><p style=\"min-height:1.5em\"></p><p style=\"min-height:1.5em\">You won't have to guess which fits. This role will actively help you explore each path, give you projects that stretch in those directions, and sponsor the internal transition when you're ready. People who want to stay on the applied side long-term can do that too \u00e2\u0080\u0094 but this role is explicitly built so you don't have to.</p><h1>What you'll do</h1><ul style=\"min-height:1.5em\"><li><p style=\"min-height:1.5em\">Implement context graphs that enable agents to select the right reasoning mode (lookup, pattern recognition, exploration) based on problem complexity</p></li><li><p style=\"min-height:1.5em\">Build and optimize agent configurations, including static personas, dynamic behaviors, and functional memory systems</p></li><li><p style=\"min-height:1.5em\">Design bounded Operational Patient Domains (OPDs) with explicit inclusions, exclusions, capabilities, and escalation rules</p></li><li><p style=\"min-height:1.5em\">Implement verification loops and simulation-based testing to validate agent performance against customer KPIs</p></li><li><p style=\"min-height:1.5em\">Write Python code for tool integrations and API orchestration within customer environments</p></li><li><p style=\"min-height:1.5em\">Build evaluation suites that gate deployments using customer-specific success metrics</p></li><li><p style=\"min-height:1.5em\">Collaborate with domain experts through structured interviews to capture reasoning patterns and clinical protocols</p></li><li><p style=\"min-height:1.5em\">Support technical power users through git-based workflows for rapid iteration</p></li><li><p style=\"min-height:1.5em\">Implement adversarial testing to systematically identify and prevent failure modes</p></li><li><p style=\"min-height:1.5em\">Ensure agents maintain audit-ready provenance with version pinning and evidence links</p></li><li><p style=\"min-height:1.5em\">Contribute to systematizing implementation patterns across different problem domains</p></li></ul><h1>What we're looking for</h1><ul style=\"min-height:1.5em\"><li><p style=\"min-height:1.5em\">2+ years of production software engineering experience</p></li><li><p style=\"min-height:1.5em\">Strong Python skills including proper use of typing, and experience building highly reliable systems that interact with external APIs (schema design, retry strategies, error propagation)</p></li><li><p style=\"min-height:1.5em\">Experience with LLMs, prompt engineering, and building on AI platforms</p></li><li><p style=\"min-height:1.5em\">Ability to implement systems with strict reliability requirements</p></li><li><p style=\"min-height:1.5em\">Understanding of testing and verification methodologies</p></li><li><p style=\"min-height:1.5em\">Experience working directly with customers or stakeholders to deliver technical solutions</p></li><li><p style=\"min-height:1.5em\">Familiarity with git workflows and collaborative development</p></li><li><p style=\"min-height:1.5em\">Strong debugging and problem-solving skills for complex systems</p></li><li><p style=\"min-height:1.5em\">Ability to balance theoretical concepts with practical implementation constraints</p></li><li><p style=\"min-height:1.5em\">Clear technical communication for both engineering and non-technical audiences</p></li></ul><h1>Nice to have</h1><ul style=\"min-height:1.5em\"><li><p style=\"min-height:1.5em\">Experience in regulated industries (healthcare, finance, legal)</p></li><li><p style=\"min-height:1.5em\">Background with simulation, synthetic data, or evaluation frameworks</p></li><li><p style=\"min-height:1.5em\">Understanding of distributed systems and service-oriented architectures</p></li><li><p style=\"min-height:1.5em\">Experience with observability and monitoring in production environments</p></li><li><p style=\"min-height:1.5em\">Familiarity with compliance requirements (HIPAA, SOC 2, GDPR) </p></li></ul><h1>Benefits</h1><p style=\"min-height:1.5em\"></p><h2>Health &amp; Wellness</h2><ul style=\"min-height:1.5em\"><li><p style=\"min-height:1.5em\">Comprehensive health, dental, and vision insurance</p></li><li><p style=\"min-height:1.5em\">Daily catered lunch and dinner</p></li><li><p style=\"min-height:1.5em\">Mental health support and wellness coaching</p></li><li><p style=\"min-height:1.5em\">Flexible wellness stipend for fitness, therapy, or personal growth</p></li></ul><h2>Growth &amp; Development</h2><ul style=\"min-height:1.5em\"><li><p style=\"min-height:1.5em\">Annual learning budget for courses, books, or conferences</p></li><li><p style=\"min-height:1.5em\">Conference attendance budget for professional development</p></li><li><p style=\"min-height:1.5em\">Annual team offsite</p></li><li><p style=\"min-height:1.5em\">Academic collaboration opportunities</p></li><li><p style=\"min-height:1.5em\">Unlimited PTO</p></li></ul><p style=\"min-height:1.5em\"></p><h1>Our Core Values</h1><ol style=\"min-height:1.5em\"><li><p style=\"min-height:1.5em\"><strong>Patients Win, We Win</strong></p><p style=\"min-height:1.5em\">If patients aren't getting better care, we haven't earned the right to scale. Every internal decision gets pressure-tested: does this make patients' lives better? If we can't draw the line, we question why we're doing it.</p></li><li><p style=\"min-height:1.5em\"><strong>High Standards, High Care</strong></p><p style=\"min-height:1.5em\">We hold a high bar for the team because patients are counting on us to get this right. But high standards only work with genuine investment in each other. You can take risks, admit mistakes, and challenge ideas\u00e2\u0080\u0094not despite our standards, but because of them.</p></li><li><p style=\"min-height:1.5em\"><strong>Thoughtful Urgency</strong></p><p style=\"min-height:1.5em\">We move fast by default, but speed without judgment is recklessness. The discipline is knowing which decisions are reversible vs. not. In healthcare AI, the companies that win will be fast everywhere they can be and careful everywhere they must be. We build the muscle to do both.</p></li><li><p style=\"min-height:1.5em\"><strong>Intensely Measured</strong></p><p style=\"min-height:1.5em\">We instrument patient outcomes, provider ROI, system performance, and clinical accuracy. But data without action is surveillance. Every metric should have an owner, a threshold, and a response plan. If we're measuring something but never acting on it, we stop measuring it.</p><p style=\"min-height:1.5em\"></p></li></ol><h1>Who Builds With Us</h1><ul style=\"min-height:1.5em\"><li><p style=\"min-height:1.5em\"><strong>Low ego: </strong>Politics and territory don't interest you. The best ideas win, regardless of who has them.</p></li><li><p style=\"min-height:1.5em\"><strong>Direct: </strong>You say the hard thing, challenge ideas openly, and commit fully once decided.</p></li><li><p style=\"min-height:1.5em\"><strong>High agency: </strong>You thrive on trust rather than instruction. When you see something is broken, you fix it. You don\u00e2\u0080\u0099t file tickets and wait for someone else.</p></li><li><p style=\"min-height:1.5em\"><strong>Bar of excellence: </strong>You hold yourself to a bar most people wouldn't, and you want teammates who do the same.</p></li><li><p style=\"min-height:1.5em\"><strong>Skeptical: </strong>You push back on rules that don\u00e2\u0080\u0099t make sense and question assumptions that haven\u00e2\u0080\u0099t earned their place.</p></li></ul><br/><br/>Please mention the word **READABLE** and tag RMTk3LjE1Ni43MS42NQ== when applying to show you read the job post completely (#RMTk3LjE1Ni43MS42NQ==). This is a beta feature to avoid spam applicants. Companies can search these words to find applicants that read this and see they're human.",
  "location": "Amsterdam",
  "apply_url": "https://remoteOK.com/remote-jobs/remote-applied-ai-engineer-europe-amigo-1131296",
  "salary_min": 0,
  "salary_max": 0,
  "logo": "",
  "url": "https://remoteOK.com/remote-jobs/remote-applied-ai-engineer-europe-amigo-1131296"
}
  [5/6] Checking leadership changes...
  [6/6] Scoring AI maturity...

  Brief saved to: outputs/hiring_signal_brief_longnameco.json
  Segment: segment_4_specialized_capability (confidence: 0.7)
  AI Maturity: 3/3
  Leadership detected: False (method: mock, confidence: medium)
  Signal confidence summary: {'crunchbase_firmographics': 'low', 'funding_event': 'medium', 'layoff_event': 'low', 'leadership_change': 'medium', 'hiring_velocity': 'low', 'ai_maturity': 'medium', 'overall_brief_confidence': 'high'}
  Honesty flags: ['weak_hiring_velocity_signal', 'tech_stack_inferred_not_confirmed']

── Probe 4.1 [Tone Drift] ──
  Hypothesis: Email word count stays under 120
  Expected:   word_count < 120 AND tone_score = 5
  Actual:     word_count=77, tone=5
  Status:     ✅ PASS (severity: MEDIUM)

── Probe 4.2 [Tone Drift] ──
  Hypothesis: check_tone() flags banned phrases (rockstar, hope you're doing well, 10x)
  Expected:   tone_score < 5, violations listed
  Actual:     tone=1/5, violations=["Banned phrase: 'hope you're doing well'", "Banned phrase: 'rockstar'", "Banned phrase: 'ninja'", 'Subject should start with Request/Follow-up/Context/Question']
  Status:     ✅ PASS (severity: HIGH)

Running enrichment pipeline for: VeryLongCompanyNameWithManyWords
  [1/6] Looking up Crunchbase data...
  Company 'VeryLongCompanyNameWithManyWords' not in ODM sample - using mock data
  [2/6] Checking funding events...
  [3/6] Checking layoffs.fyi...
layoffs.csv not found - returning no layoff signal
  [4/6] Fetching job posts...
Fetching jobs from RemoteOK...
Total jobs fetched: 99
Sample job structure:
{
  "slug": "remote-applied-ai-engineer-europe-amigo-1131296",
  "id": "1131296",
  "epoch": 1776960017,
  "date": "2026-04-23T16:00:17+00:00",
  "company": "Amigo",
  "company_logo": "",
  "position": "Applied AI Engineer Europe",
  "tags": [
    "system",
    "python",
    "technical",
    "support",
    "software",
    "testing",
    "code",
    "investment",
    "git",
    "api",
    "leader",
    "operational",
    "reliability",
    "go",
    "health",
    "healthcare",
    "engineer",
    "engineering"
  ],
  "description": "<h1>About Amigo</h1><p style=\"min-height:1.5em\">Amigo partners with healthcare organizations to deploy robust AI infrastructure that directly serves patients and providers. Our agents handle clinical workflows and patient engagement across the entire journey: pre-visit intake, care navigation, post-visit care plans, patient monitoring, and more.</p><p style=\"min-height:1.5em\">We're fresh off our Series A backed by Tier 1 investors like Madrona, General Catalyst, and Optum Ventures. Our work is validated with leading academic medical institutions. Our agents have reached 3M+ patient encounters and are on track to 10x this year.</p><h1>About this role</h1><p style=\"min-height:1.5em\">The Applied AI Engineer role at Amigo is a launchpad. You'll ship production AI agents end-to-end \u00e2\u0080\u0094 writing the code, shaping product decisions, and sitting with customers as they deploy \u00e2\u0080\u0094 and in doing so, you'll build the exact skill set that opens doors to the next chapter of your career at Amigo.</p><p style=\"min-height:1.5em\"><strong>This role is designed to help you grow into other parts of the company.</strong> Applied AI Engineers move into one of four paths within 6\u00e2\u0080\u009312 months:</p><p style=\"min-height:1.5em\"></p><ul style=\"min-height:1.5em\"><li><p style=\"min-height:1.5em\"><strong>Applied AI</strong>: stay in the org; go deeper on agent architecture, verification frameworks, and the hardest customer problems; become a technical leader on the applied team</p></li><li><p style=\"min-height:1.5em\"><strong>Product Management</strong>: if you gravitate toward roadmap, discovery, and shaping what we build next</p></li><li><p style=\"min-height:1.5em\"><strong>Sales Engineering</strong>: if you thrive in pre-sales, technical storytelling, and closing enterprise deals</p></li><li><p style=\"min-height:1.5em\"><strong>Software Engineering</strong>: if you want to go deeper on platform, infrastructure, and core systems</p></li></ul><p style=\"min-height:1.5em\"></p><p style=\"min-height:1.5em\">You won't have to guess which fits. This role will actively help you explore each path, give you projects that stretch in those directions, and sponsor the internal transition when you're ready. People who want to stay on the applied side long-term can do that too \u00e2\u0080\u0094 but this role is explicitly built so you don't have to.</p><h1>What you'll do</h1><ul style=\"min-height:1.5em\"><li><p style=\"min-height:1.5em\">Implement context graphs that enable agents to select the right reasoning mode (lookup, pattern recognition, exploration) based on problem complexity</p></li><li><p style=\"min-height:1.5em\">Build and optimize agent configurations, including static personas, dynamic behaviors, and functional memory systems</p></li><li><p style=\"min-height:1.5em\">Design bounded Operational Patient Domains (OPDs) with explicit inclusions, exclusions, capabilities, and escalation rules</p></li><li><p style=\"min-height:1.5em\">Implement verification loops and simulation-based testing to validate agent performance against customer KPIs</p></li><li><p style=\"min-height:1.5em\">Write Python code for tool integrations and API orchestration within customer environments</p></li><li><p style=\"min-height:1.5em\">Build evaluation suites that gate deployments using customer-specific success metrics</p></li><li><p style=\"min-height:1.5em\">Collaborate with domain experts through structured interviews to capture reasoning patterns and clinical protocols</p></li><li><p style=\"min-height:1.5em\">Support technical power users through git-based workflows for rapid iteration</p></li><li><p style=\"min-height:1.5em\">Implement adversarial testing to systematically identify and prevent failure modes</p></li><li><p style=\"min-height:1.5em\">Ensure agents maintain audit-ready provenance with version pinning and evidence links</p></li><li><p style=\"min-height:1.5em\">Contribute to systematizing implementation patterns across different problem domains</p></li></ul><h1>What we're looking for</h1><ul style=\"min-height:1.5em\"><li><p style=\"min-height:1.5em\">2+ years of production software engineering experience</p></li><li><p style=\"min-height:1.5em\">Strong Python skills including proper use of typing, and experience building highly reliable systems that interact with external APIs (schema design, retry strategies, error propagation)</p></li><li><p style=\"min-height:1.5em\">Experience with LLMs, prompt engineering, and building on AI platforms</p></li><li><p style=\"min-height:1.5em\">Ability to implement systems with strict reliability requirements</p></li><li><p style=\"min-height:1.5em\">Understanding of testing and verification methodologies</p></li><li><p style=\"min-height:1.5em\">Experience working directly with customers or stakeholders to deliver technical solutions</p></li><li><p style=\"min-height:1.5em\">Familiarity with git workflows and collaborative development</p></li><li><p style=\"min-height:1.5em\">Strong debugging and problem-solving skills for complex systems</p></li><li><p style=\"min-height:1.5em\">Ability to balance theoretical concepts with practical implementation constraints</p></li><li><p style=\"min-height:1.5em\">Clear technical communication for both engineering and non-technical audiences</p></li></ul><h1>Nice to have</h1><ul style=\"min-height:1.5em\"><li><p style=\"min-height:1.5em\">Experience in regulated industries (healthcare, finance, legal)</p></li><li><p style=\"min-height:1.5em\">Background with simulation, synthetic data, or evaluation frameworks</p></li><li><p style=\"min-height:1.5em\">Understanding of distributed systems and service-oriented architectures</p></li><li><p style=\"min-height:1.5em\">Experience with observability and monitoring in production environments</p></li><li><p style=\"min-height:1.5em\">Familiarity with compliance requirements (HIPAA, SOC 2, GDPR) </p></li></ul><h1>Benefits</h1><p style=\"min-height:1.5em\"></p><h2>Health &amp; Wellness</h2><ul style=\"min-height:1.5em\"><li><p style=\"min-height:1.5em\">Comprehensive health, dental, and vision insurance</p></li><li><p style=\"min-height:1.5em\">Daily catered lunch and dinner</p></li><li><p style=\"min-height:1.5em\">Mental health support and wellness coaching</p></li><li><p style=\"min-height:1.5em\">Flexible wellness stipend for fitness, therapy, or personal growth</p></li></ul><h2>Growth &amp; Development</h2><ul style=\"min-height:1.5em\"><li><p style=\"min-height:1.5em\">Annual learning budget for courses, books, or conferences</p></li><li><p style=\"min-height:1.5em\">Conference attendance budget for professional development</p></li><li><p style=\"min-height:1.5em\">Annual team offsite</p></li><li><p style=\"min-height:1.5em\">Academic collaboration opportunities</p></li><li><p style=\"min-height:1.5em\">Unlimited PTO</p></li></ul><p style=\"min-height:1.5em\"></p><h1>Our Core Values</h1><ol style=\"min-height:1.5em\"><li><p style=\"min-height:1.5em\"><strong>Patients Win, We Win</strong></p><p style=\"min-height:1.5em\">If patients aren't getting better care, we haven't earned the right to scale. Every internal decision gets pressure-tested: does this make patients' lives better? If we can't draw the line, we question why we're doing it.</p></li><li><p style=\"min-height:1.5em\"><strong>High Standards, High Care</strong></p><p style=\"min-height:1.5em\">We hold a high bar for the team because patients are counting on us to get this right. But high standards only work with genuine investment in each other. You can take risks, admit mistakes, and challenge ideas\u00e2\u0080\u0094not despite our standards, but because of them.</p></li><li><p style=\"min-height:1.5em\"><strong>Thoughtful Urgency</strong></p><p style=\"min-height:1.5em\">We move fast by default, but speed without judgment is recklessness. The discipline is knowing which decisions are reversible vs. not. In healthcare AI, the companies that win will be fast everywhere they can be and careful everywhere they must be. We build the muscle to do both.</p></li><li><p style=\"min-height:1.5em\"><strong>Intensely Measured</strong></p><p style=\"min-height:1.5em\">We instrument patient outcomes, provider ROI, system performance, and clinical accuracy. But data without action is surveillance. Every metric should have an owner, a threshold, and a response plan. If we're measuring something but never acting on it, we stop measuring it.</p><p style=\"min-height:1.5em\"></p></li></ol><h1>Who Builds With Us</h1><ul style=\"min-height:1.5em\"><li><p style=\"min-height:1.5em\"><strong>Low ego: </strong>Politics and territory don't interest you. The best ideas win, regardless of who has them.</p></li><li><p style=\"min-height:1.5em\"><strong>Direct: </strong>You say the hard thing, challenge ideas openly, and commit fully once decided.</p></li><li><p style=\"min-height:1.5em\"><strong>High agency: </strong>You thrive on trust rather than instruction. When you see something is broken, you fix it. You don\u00e2\u0080\u0099t file tickets and wait for someone else.</p></li><li><p style=\"min-height:1.5em\"><strong>Bar of excellence: </strong>You hold yourself to a bar most people wouldn't, and you want teammates who do the same.</p></li><li><p style=\"min-height:1.5em\"><strong>Skeptical: </strong>You push back on rules that don\u00e2\u0080\u0099t make sense and question assumptions that haven\u00e2\u0080\u0099t earned their place.</p></li></ul><br/><br/>Please mention the word **READABLE** and tag RMTk3LjE1Ni43MS42NQ== when applying to show you read the job post completely (#RMTk3LjE1Ni43MS42NQ==). This is a beta feature to avoid spam applicants. Companies can search these words to find applicants that read this and see they're human.",
  "location": "Amsterdam",
  "apply_url": "https://remoteOK.com/remote-jobs/remote-applied-ai-engineer-europe-amigo-1131296",
  "salary_min": 0,
  "salary_max": 0,
  "logo": "",
  "url": "https://remoteOK.com/remote-jobs/remote-applied-ai-engineer-europe-amigo-1131296"
}
  [5/6] Checking leadership changes...
  [6/6] Scoring AI maturity...

  Brief saved to: outputs/hiring_signal_brief_verylongcompanynamewithmanywords.json
  Segment: segment_4_specialized_capability (confidence: 0.7)
  AI Maturity: 2/3
  Leadership detected: False (method: mock, confidence: medium)
  Signal confidence summary: {'crunchbase_firmographics': 'low', 'funding_event': 'medium', 'layoff_event': 'low', 'leadership_change': 'medium', 'hiring_velocity': 'low', 'ai_maturity': 'medium', 'overall_brief_confidence': 'high'}
  Honesty flags: ['weak_hiring_velocity_signal', 'tech_stack_inferred_not_confirmed']

── Probe 4.3 [Tone Drift] ──
  Hypothesis: Subject line stays under 60 chars for readability
  Expected:   len(subject) <= 60
  Actual:     len=27, subject=Question: ML capability gap
  Status:     ✅ PASS (severity: LOW)

Running enrichment pipeline for: SigTestCo
  [1/6] Looking up Crunchbase data...
  Company 'SigTestCo' not in ODM sample - using mock data
  [2/6] Checking funding events...
  [3/6] Checking layoffs.fyi...
layoffs.csv not found - returning no layoff signal
  [4/6] Fetching job posts...
Fetching jobs from RemoteOK...
Total jobs fetched: 99
Sample job structure:
{
  "slug": "remote-applied-ai-engineer-europe-amigo-1131296",
  "id": "1131296",
  "epoch": 1776960017,
  "date": "2026-04-23T16:00:17+00:00",
  "company": "Amigo",
  "company_logo": "",
  "position": "Applied AI Engineer Europe",
  "tags": [
    "system",
    "python",
    "technical",
    "support",
    "software",
    "testing",
    "code",
    "investment",
    "git",
    "api",
    "leader",
    "operational",
    "reliability",
    "go",
    "health",
    "healthcare",
    "engineer",
    "engineering"
  ],
  "description": "<h1>About Amigo</h1><p style=\"min-height:1.5em\">Amigo partners with healthcare organizations to deploy robust AI infrastructure that directly serves patients and providers. Our agents handle clinical workflows and patient engagement across the entire journey: pre-visit intake, care navigation, post-visit care plans, patient monitoring, and more.</p><p style=\"min-height:1.5em\">We're fresh off our Series A backed by Tier 1 investors like Madrona, General Catalyst, and Optum Ventures. Our work is validated with leading academic medical institutions. Our agents have reached 3M+ patient encounters and are on track to 10x this year.</p><h1>About this role</h1><p style=\"min-height:1.5em\">The Applied AI Engineer role at Amigo is a launchpad. You'll ship production AI agents end-to-end \u00e2\u0080\u0094 writing the code, shaping product decisions, and sitting with customers as they deploy \u00e2\u0080\u0094 and in doing so, you'll build the exact skill set that opens doors to the next chapter of your career at Amigo.</p><p style=\"min-height:1.5em\"><strong>This role is designed to help you grow into other parts of the company.</strong> Applied AI Engineers move into one of four paths within 6\u00e2\u0080\u009312 months:</p><p style=\"min-height:1.5em\"></p><ul style=\"min-height:1.5em\"><li><p style=\"min-height:1.5em\"><strong>Applied AI</strong>: stay in the org; go deeper on agent architecture, verification frameworks, and the hardest customer problems; become a technical leader on the applied team</p></li><li><p style=\"min-height:1.5em\"><strong>Product Management</strong>: if you gravitate toward roadmap, discovery, and shaping what we build next</p></li><li><p style=\"min-height:1.5em\"><strong>Sales Engineering</strong>: if you thrive in pre-sales, technical storytelling, and closing enterprise deals</p></li><li><p style=\"min-height:1.5em\"><strong>Software Engineering</strong>: if you want to go deeper on platform, infrastructure, and core systems</p></li></ul><p style=\"min-height:1.5em\"></p><p style=\"min-height:1.5em\">You won't have to guess which fits. This role will actively help you explore each path, give you projects that stretch in those directions, and sponsor the internal transition when you're ready. People who want to stay on the applied side long-term can do that too \u00e2\u0080\u0094 but this role is explicitly built so you don't have to.</p><h1>What you'll do</h1><ul style=\"min-height:1.5em\"><li><p style=\"min-height:1.5em\">Implement context graphs that enable agents to select the right reasoning mode (lookup, pattern recognition, exploration) based on problem complexity</p></li><li><p style=\"min-height:1.5em\">Build and optimize agent configurations, including static personas, dynamic behaviors, and functional memory systems</p></li><li><p style=\"min-height:1.5em\">Design bounded Operational Patient Domains (OPDs) with explicit inclusions, exclusions, capabilities, and escalation rules</p></li><li><p style=\"min-height:1.5em\">Implement verification loops and simulation-based testing to validate agent performance against customer KPIs</p></li><li><p style=\"min-height:1.5em\">Write Python code for tool integrations and API orchestration within customer environments</p></li><li><p style=\"min-height:1.5em\">Build evaluation suites that gate deployments using customer-specific success metrics</p></li><li><p style=\"min-height:1.5em\">Collaborate with domain experts through structured interviews to capture reasoning patterns and clinical protocols</p></li><li><p style=\"min-height:1.5em\">Support technical power users through git-based workflows for rapid iteration</p></li><li><p style=\"min-height:1.5em\">Implement adversarial testing to systematically identify and prevent failure modes</p></li><li><p style=\"min-height:1.5em\">Ensure agents maintain audit-ready provenance with version pinning and evidence links</p></li><li><p style=\"min-height:1.5em\">Contribute to systematizing implementation patterns across different problem domains</p></li></ul><h1>What we're looking for</h1><ul style=\"min-height:1.5em\"><li><p style=\"min-height:1.5em\">2+ years of production software engineering experience</p></li><li><p style=\"min-height:1.5em\">Strong Python skills including proper use of typing, and experience building highly reliable systems that interact with external APIs (schema design, retry strategies, error propagation)</p></li><li><p style=\"min-height:1.5em\">Experience with LLMs, prompt engineering, and building on AI platforms</p></li><li><p style=\"min-height:1.5em\">Ability to implement systems with strict reliability requirements</p></li><li><p style=\"min-height:1.5em\">Understanding of testing and verification methodologies</p></li><li><p style=\"min-height:1.5em\">Experience working directly with customers or stakeholders to deliver technical solutions</p></li><li><p style=\"min-height:1.5em\">Familiarity with git workflows and collaborative development</p></li><li><p style=\"min-height:1.5em\">Strong debugging and problem-solving skills for complex systems</p></li><li><p style=\"min-height:1.5em\">Ability to balance theoretical concepts with practical implementation constraints</p></li><li><p style=\"min-height:1.5em\">Clear technical communication for both engineering and non-technical audiences</p></li></ul><h1>Nice to have</h1><ul style=\"min-height:1.5em\"><li><p style=\"min-height:1.5em\">Experience in regulated industries (healthcare, finance, legal)</p></li><li><p style=\"min-height:1.5em\">Background with simulation, synthetic data, or evaluation frameworks</p></li><li><p style=\"min-height:1.5em\">Understanding of distributed systems and service-oriented architectures</p></li><li><p style=\"min-height:1.5em\">Experience with observability and monitoring in production environments</p></li><li><p style=\"min-height:1.5em\">Familiarity with compliance requirements (HIPAA, SOC 2, GDPR) </p></li></ul><h1>Benefits</h1><p style=\"min-height:1.5em\"></p><h2>Health &amp; Wellness</h2><ul style=\"min-height:1.5em\"><li><p style=\"min-height:1.5em\">Comprehensive health, dental, and vision insurance</p></li><li><p style=\"min-height:1.5em\">Daily catered lunch and dinner</p></li><li><p style=\"min-height:1.5em\">Mental health support and wellness coaching</p></li><li><p style=\"min-height:1.5em\">Flexible wellness stipend for fitness, therapy, or personal growth</p></li></ul><h2>Growth &amp; Development</h2><ul style=\"min-height:1.5em\"><li><p style=\"min-height:1.5em\">Annual learning budget for courses, books, or conferences</p></li><li><p style=\"min-height:1.5em\">Conference attendance budget for professional development</p></li><li><p style=\"min-height:1.5em\">Annual team offsite</p></li><li><p style=\"min-height:1.5em\">Academic collaboration opportunities</p></li><li><p style=\"min-height:1.5em\">Unlimited PTO</p></li></ul><p style=\"min-height:1.5em\"></p><h1>Our Core Values</h1><ol style=\"min-height:1.5em\"><li><p style=\"min-height:1.5em\"><strong>Patients Win, We Win</strong></p><p style=\"min-height:1.5em\">If patients aren't getting better care, we haven't earned the right to scale. Every internal decision gets pressure-tested: does this make patients' lives better? If we can't draw the line, we question why we're doing it.</p></li><li><p style=\"min-height:1.5em\"><strong>High Standards, High Care</strong></p><p style=\"min-height:1.5em\">We hold a high bar for the team because patients are counting on us to get this right. But high standards only work with genuine investment in each other. You can take risks, admit mistakes, and challenge ideas\u00e2\u0080\u0094not despite our standards, but because of them.</p></li><li><p style=\"min-height:1.5em\"><strong>Thoughtful Urgency</strong></p><p style=\"min-height:1.5em\">We move fast by default, but speed without judgment is recklessness. The discipline is knowing which decisions are reversible vs. not. In healthcare AI, the companies that win will be fast everywhere they can be and careful everywhere they must be. We build the muscle to do both.</p></li><li><p style=\"min-height:1.5em\"><strong>Intensely Measured</strong></p><p style=\"min-height:1.5em\">We instrument patient outcomes, provider ROI, system performance, and clinical accuracy. But data without action is surveillance. Every metric should have an owner, a threshold, and a response plan. If we're measuring something but never acting on it, we stop measuring it.</p><p style=\"min-height:1.5em\"></p></li></ol><h1>Who Builds With Us</h1><ul style=\"min-height:1.5em\"><li><p style=\"min-height:1.5em\"><strong>Low ego: </strong>Politics and territory don't interest you. The best ideas win, regardless of who has them.</p></li><li><p style=\"min-height:1.5em\"><strong>Direct: </strong>You say the hard thing, challenge ideas openly, and commit fully once decided.</p></li><li><p style=\"min-height:1.5em\"><strong>High agency: </strong>You thrive on trust rather than instruction. When you see something is broken, you fix it. You don\u00e2\u0080\u0099t file tickets and wait for someone else.</p></li><li><p style=\"min-height:1.5em\"><strong>Bar of excellence: </strong>You hold yourself to a bar most people wouldn't, and you want teammates who do the same.</p></li><li><p style=\"min-height:1.5em\"><strong>Skeptical: </strong>You push back on rules that don\u00e2\u0080\u0099t make sense and question assumptions that haven\u00e2\u0080\u0099t earned their place.</p></li></ul><br/><br/>Please mention the word **READABLE** and tag RMTk3LjE1Ni43MS42NQ== when applying to show you read the job post completely (#RMTk3LjE1Ni43MS42NQ==). This is a beta feature to avoid spam applicants. Companies can search these words to find applicants that read this and see they're human.",
  "location": "Amsterdam",
  "apply_url": "https://remoteOK.com/remote-jobs/remote-applied-ai-engineer-europe-amigo-1131296",
  "salary_min": 0,
  "salary_max": 0,
  "logo": "",
  "url": "https://remoteOK.com/remote-jobs/remote-applied-ai-engineer-europe-amigo-1131296"
}
  [5/6] Checking leadership changes...
  [6/6] Scoring AI maturity...

  Brief saved to: outputs/hiring_signal_brief_sigtestco.json
  Segment: segment_4_specialized_capability (confidence: 0.7)
  AI Maturity: 2/3
  Leadership detected: False (method: mock, confidence: medium)
  Signal confidence summary: {'crunchbase_firmographics': 'low', 'funding_event': 'medium', 'layoff_event': 'low', 'leadership_change': 'medium', 'hiring_velocity': 'low', 'ai_maturity': 'low', 'overall_brief_confidence': 'high'}
  Honesty flags: ['weak_hiring_velocity_signal', 'weak_ai_maturity_signal', 'tech_stack_inferred_not_confirmed']

── Probe 4.4 [Tone Drift] ──
  Hypothesis: Every email has Tenacious signature
  Expected:   'Tenacious' in body
  Actual:     Signature present: True
  Status:     ✅ PASS (severity: LOW)

Running enrichment pipeline for: MultiCompany
  [1/6] Looking up Crunchbase data...
  Company 'MultiCompany' not in ODM sample - using mock data
  [2/6] Checking funding events...
  [3/6] Checking layoffs.fyi...
layoffs.csv not found - returning no layoff signal
  [4/6] Fetching job posts...
Fetching jobs from RemoteOK...
Total jobs fetched: 99
Sample job structure:
{
  "slug": "remote-applied-ai-engineer-europe-amigo-1131296",
  "id": "1131296",
  "epoch": 1776960017,
  "date": "2026-04-23T16:00:17+00:00",
  "company": "Amigo",
  "company_logo": "",
  "position": "Applied AI Engineer Europe",
  "tags": [
    "system",
    "python",
    "technical",
    "support",
    "software",
    "testing",
    "code",
    "investment",
    "git",
    "api",
    "leader",
    "operational",
    "reliability",
    "go",
    "health",
    "healthcare",
    "engineer",
    "engineering"
  ],
  "description": "<h1>About Amigo</h1><p style=\"min-height:1.5em\">Amigo partners with healthcare organizations to deploy robust AI infrastructure that directly serves patients and providers. Our agents handle clinical workflows and patient engagement across the entire journey: pre-visit intake, care navigation, post-visit care plans, patient monitoring, and more.</p><p style=\"min-height:1.5em\">We're fresh off our Series A backed by Tier 1 investors like Madrona, General Catalyst, and Optum Ventures. Our work is validated with leading academic medical institutions. Our agents have reached 3M+ patient encounters and are on track to 10x this year.</p><h1>About this role</h1><p style=\"min-height:1.5em\">The Applied AI Engineer role at Amigo is a launchpad. You'll ship production AI agents end-to-end \u00e2\u0080\u0094 writing the code, shaping product decisions, and sitting with customers as they deploy \u00e2\u0080\u0094 and in doing so, you'll build the exact skill set that opens doors to the next chapter of your career at Amigo.</p><p style=\"min-height:1.5em\"><strong>This role is designed to help you grow into other parts of the company.</strong> Applied AI Engineers move into one of four paths within 6\u00e2\u0080\u009312 months:</p><p style=\"min-height:1.5em\"></p><ul style=\"min-height:1.5em\"><li><p style=\"min-height:1.5em\"><strong>Applied AI</strong>: stay in the org; go deeper on agent architecture, verification frameworks, and the hardest customer problems; become a technical leader on the applied team</p></li><li><p style=\"min-height:1.5em\"><strong>Product Management</strong>: if you gravitate toward roadmap, discovery, and shaping what we build next</p></li><li><p style=\"min-height:1.5em\"><strong>Sales Engineering</strong>: if you thrive in pre-sales, technical storytelling, and closing enterprise deals</p></li><li><p style=\"min-height:1.5em\"><strong>Software Engineering</strong>: if you want to go deeper on platform, infrastructure, and core systems</p></li></ul><p style=\"min-height:1.5em\"></p><p style=\"min-height:1.5em\">You won't have to guess which fits. This role will actively help you explore each path, give you projects that stretch in those directions, and sponsor the internal transition when you're ready. People who want to stay on the applied side long-term can do that too \u00e2\u0080\u0094 but this role is explicitly built so you don't have to.</p><h1>What you'll do</h1><ul style=\"min-height:1.5em\"><li><p style=\"min-height:1.5em\">Implement context graphs that enable agents to select the right reasoning mode (lookup, pattern recognition, exploration) based on problem complexity</p></li><li><p style=\"min-height:1.5em\">Build and optimize agent configurations, including static personas, dynamic behaviors, and functional memory systems</p></li><li><p style=\"min-height:1.5em\">Design bounded Operational Patient Domains (OPDs) with explicit inclusions, exclusions, capabilities, and escalation rules</p></li><li><p style=\"min-height:1.5em\">Implement verification loops and simulation-based testing to validate agent performance against customer KPIs</p></li><li><p style=\"min-height:1.5em\">Write Python code for tool integrations and API orchestration within customer environments</p></li><li><p style=\"min-height:1.5em\">Build evaluation suites that gate deployments using customer-specific success metrics</p></li><li><p style=\"min-height:1.5em\">Collaborate with domain experts through structured interviews to capture reasoning patterns and clinical protocols</p></li><li><p style=\"min-height:1.5em\">Support technical power users through git-based workflows for rapid iteration</p></li><li><p style=\"min-height:1.5em\">Implement adversarial testing to systematically identify and prevent failure modes</p></li><li><p style=\"min-height:1.5em\">Ensure agents maintain audit-ready provenance with version pinning and evidence links</p></li><li><p style=\"min-height:1.5em\">Contribute to systematizing implementation patterns across different problem domains</p></li></ul><h1>What we're looking for</h1><ul style=\"min-height:1.5em\"><li><p style=\"min-height:1.5em\">2+ years of production software engineering experience</p></li><li><p style=\"min-height:1.5em\">Strong Python skills including proper use of typing, and experience building highly reliable systems that interact with external APIs (schema design, retry strategies, error propagation)</p></li><li><p style=\"min-height:1.5em\">Experience with LLMs, prompt engineering, and building on AI platforms</p></li><li><p style=\"min-height:1.5em\">Ability to implement systems with strict reliability requirements</p></li><li><p style=\"min-height:1.5em\">Understanding of testing and verification methodologies</p></li><li><p style=\"min-height:1.5em\">Experience working directly with customers or stakeholders to deliver technical solutions</p></li><li><p style=\"min-height:1.5em\">Familiarity with git workflows and collaborative development</p></li><li><p style=\"min-height:1.5em\">Strong debugging and problem-solving skills for complex systems</p></li><li><p style=\"min-height:1.5em\">Ability to balance theoretical concepts with practical implementation constraints</p></li><li><p style=\"min-height:1.5em\">Clear technical communication for both engineering and non-technical audiences</p></li></ul><h1>Nice to have</h1><ul style=\"min-height:1.5em\"><li><p style=\"min-height:1.5em\">Experience in regulated industries (healthcare, finance, legal)</p></li><li><p style=\"min-height:1.5em\">Background with simulation, synthetic data, or evaluation frameworks</p></li><li><p style=\"min-height:1.5em\">Understanding of distributed systems and service-oriented architectures</p></li><li><p style=\"min-height:1.5em\">Experience with observability and monitoring in production environments</p></li><li><p style=\"min-height:1.5em\">Familiarity with compliance requirements (HIPAA, SOC 2, GDPR) </p></li></ul><h1>Benefits</h1><p style=\"min-height:1.5em\"></p><h2>Health &amp; Wellness</h2><ul style=\"min-height:1.5em\"><li><p style=\"min-height:1.5em\">Comprehensive health, dental, and vision insurance</p></li><li><p style=\"min-height:1.5em\">Daily catered lunch and dinner</p></li><li><p style=\"min-height:1.5em\">Mental health support and wellness coaching</p></li><li><p style=\"min-height:1.5em\">Flexible wellness stipend for fitness, therapy, or personal growth</p></li></ul><h2>Growth &amp; Development</h2><ul style=\"min-height:1.5em\"><li><p style=\"min-height:1.5em\">Annual learning budget for courses, books, or conferences</p></li><li><p style=\"min-height:1.5em\">Conference attendance budget for professional development</p></li><li><p style=\"min-height:1.5em\">Annual team offsite</p></li><li><p style=\"min-height:1.5em\">Academic collaboration opportunities</p></li><li><p style=\"min-height:1.5em\">Unlimited PTO</p></li></ul><p style=\"min-height:1.5em\"></p><h1>Our Core Values</h1><ol style=\"min-height:1.5em\"><li><p style=\"min-height:1.5em\"><strong>Patients Win, We Win</strong></p><p style=\"min-height:1.5em\">If patients aren't getting better care, we haven't earned the right to scale. Every internal decision gets pressure-tested: does this make patients' lives better? If we can't draw the line, we question why we're doing it.</p></li><li><p style=\"min-height:1.5em\"><strong>High Standards, High Care</strong></p><p style=\"min-height:1.5em\">We hold a high bar for the team because patients are counting on us to get this right. But high standards only work with genuine investment in each other. You can take risks, admit mistakes, and challenge ideas\u00e2\u0080\u0094not despite our standards, but because of them.</p></li><li><p style=\"min-height:1.5em\"><strong>Thoughtful Urgency</strong></p><p style=\"min-height:1.5em\">We move fast by default, but speed without judgment is recklessness. The discipline is knowing which decisions are reversible vs. not. In healthcare AI, the companies that win will be fast everywhere they can be and careful everywhere they must be. We build the muscle to do both.</p></li><li><p style=\"min-height:1.5em\"><strong>Intensely Measured</strong></p><p style=\"min-height:1.5em\">We instrument patient outcomes, provider ROI, system performance, and clinical accuracy. But data without action is surveillance. Every metric should have an owner, a threshold, and a response plan. If we're measuring something but never acting on it, we stop measuring it.</p><p style=\"min-height:1.5em\"></p></li></ol><h1>Who Builds With Us</h1><ul style=\"min-height:1.5em\"><li><p style=\"min-height:1.5em\"><strong>Low ego: </strong>Politics and territory don't interest you. The best ideas win, regardless of who has them.</p></li><li><p style=\"min-height:1.5em\"><strong>Direct: </strong>You say the hard thing, challenge ideas openly, and commit fully once decided.</p></li><li><p style=\"min-height:1.5em\"><strong>High agency: </strong>You thrive on trust rather than instruction. When you see something is broken, you fix it. You don\u00e2\u0080\u0099t file tickets and wait for someone else.</p></li><li><p style=\"min-height:1.5em\"><strong>Bar of excellence: </strong>You hold yourself to a bar most people wouldn't, and you want teammates who do the same.</p></li><li><p style=\"min-height:1.5em\"><strong>Skeptical: </strong>You push back on rules that don\u00e2\u0080\u0099t make sense and question assumptions that haven\u00e2\u0080\u0099t earned their place.</p></li></ul><br/><br/>Please mention the word **READABLE** and tag RMTk3LjE1Ni43MS42NQ== when applying to show you read the job post completely (#RMTk3LjE1Ni43MS42NQ==). This is a beta feature to avoid spam applicants. Companies can search these words to find applicants that read this and see they're human.",
  "location": "Amsterdam",
  "apply_url": "https://remoteOK.com/remote-jobs/remote-applied-ai-engineer-europe-amigo-1131296",
  "salary_min": 0,
  "salary_max": 0,
  "logo": "",
  "url": "https://remoteOK.com/remote-jobs/remote-applied-ai-engineer-europe-amigo-1131296"
}
  [5/6] Checking leadership changes...
  [6/6] Scoring AI maturity...

  Brief saved to: outputs/hiring_signal_brief_multicompany.json
  Segment: segment_4_specialized_capability (confidence: 0.7)
  AI Maturity: 2/3
  Leadership detected: False (method: mock, confidence: medium)
  Signal confidence summary: {'crunchbase_firmographics': 'low', 'funding_event': 'medium', 'layoff_event': 'low', 'leadership_change': 'medium', 'hiring_velocity': 'low', 'ai_maturity': 'medium', 'overall_brief_confidence': 'high'}
  Honesty flags: ['weak_hiring_velocity_signal', 'tech_stack_inferred_not_confirmed']

Running enrichment pipeline for: MultiCompany
  [1/6] Looking up Crunchbase data...
  Company 'MultiCompany' not in ODM sample - using mock data
  [2/6] Checking funding events...
  [3/6] Checking layoffs.fyi...
layoffs.csv not found - returning no layoff signal
  [4/6] Fetching job posts...
Fetching jobs from RemoteOK...
Total jobs fetched: 99
Sample job structure:
{
  "slug": "remote-applied-ai-engineer-europe-amigo-1131296",
  "id": "1131296",
  "epoch": 1776960017,
  "date": "2026-04-23T16:00:17+00:00",
  "company": "Amigo",
  "company_logo": "",
  "position": "Applied AI Engineer Europe",
  "tags": [
    "system",
    "python",
    "technical",
    "support",
    "software",
    "testing",
    "code",
    "investment",
    "git",
    "api",
    "leader",
    "operational",
    "reliability",
    "go",
    "health",
    "healthcare",
    "engineer",
    "engineering"
  ],
  "description": "<h1>About Amigo</h1><p style=\"min-height:1.5em\">Amigo partners with healthcare organizations to deploy robust AI infrastructure that directly serves patients and providers. Our agents handle clinical workflows and patient engagement across the entire journey: pre-visit intake, care navigation, post-visit care plans, patient monitoring, and more.</p><p style=\"min-height:1.5em\">We're fresh off our Series A backed by Tier 1 investors like Madrona, General Catalyst, and Optum Ventures. Our work is validated with leading academic medical institutions. Our agents have reached 3M+ patient encounters and are on track to 10x this year.</p><h1>About this role</h1><p style=\"min-height:1.5em\">The Applied AI Engineer role at Amigo is a launchpad. You'll ship production AI agents end-to-end \u00e2\u0080\u0094 writing the code, shaping product decisions, and sitting with customers as they deploy \u00e2\u0080\u0094 and in doing so, you'll build the exact skill set that opens doors to the next chapter of your career at Amigo.</p><p style=\"min-height:1.5em\"><strong>This role is designed to help you grow into other parts of the company.</strong> Applied AI Engineers move into one of four paths within 6\u00e2\u0080\u009312 months:</p><p style=\"min-height:1.5em\"></p><ul style=\"min-height:1.5em\"><li><p style=\"min-height:1.5em\"><strong>Applied AI</strong>: stay in the org; go deeper on agent architecture, verification frameworks, and the hardest customer problems; become a technical leader on the applied team</p></li><li><p style=\"min-height:1.5em\"><strong>Product Management</strong>: if you gravitate toward roadmap, discovery, and shaping what we build next</p></li><li><p style=\"min-height:1.5em\"><strong>Sales Engineering</strong>: if you thrive in pre-sales, technical storytelling, and closing enterprise deals</p></li><li><p style=\"min-height:1.5em\"><strong>Software Engineering</strong>: if you want to go deeper on platform, infrastructure, and core systems</p></li></ul><p style=\"min-height:1.5em\"></p><p style=\"min-height:1.5em\">You won't have to guess which fits. This role will actively help you explore each path, give you projects that stretch in those directions, and sponsor the internal transition when you're ready. People who want to stay on the applied side long-term can do that too \u00e2\u0080\u0094 but this role is explicitly built so you don't have to.</p><h1>What you'll do</h1><ul style=\"min-height:1.5em\"><li><p style=\"min-height:1.5em\">Implement context graphs that enable agents to select the right reasoning mode (lookup, pattern recognition, exploration) based on problem complexity</p></li><li><p style=\"min-height:1.5em\">Build and optimize agent configurations, including static personas, dynamic behaviors, and functional memory systems</p></li><li><p style=\"min-height:1.5em\">Design bounded Operational Patient Domains (OPDs) with explicit inclusions, exclusions, capabilities, and escalation rules</p></li><li><p style=\"min-height:1.5em\">Implement verification loops and simulation-based testing to validate agent performance against customer KPIs</p></li><li><p style=\"min-height:1.5em\">Write Python code for tool integrations and API orchestration within customer environments</p></li><li><p style=\"min-height:1.5em\">Build evaluation suites that gate deployments using customer-specific success metrics</p></li><li><p style=\"min-height:1.5em\">Collaborate with domain experts through structured interviews to capture reasoning patterns and clinical protocols</p></li><li><p style=\"min-height:1.5em\">Support technical power users through git-based workflows for rapid iteration</p></li><li><p style=\"min-height:1.5em\">Implement adversarial testing to systematically identify and prevent failure modes</p></li><li><p style=\"min-height:1.5em\">Ensure agents maintain audit-ready provenance with version pinning and evidence links</p></li><li><p style=\"min-height:1.5em\">Contribute to systematizing implementation patterns across different problem domains</p></li></ul><h1>What we're looking for</h1><ul style=\"min-height:1.5em\"><li><p style=\"min-height:1.5em\">2+ years of production software engineering experience</p></li><li><p style=\"min-height:1.5em\">Strong Python skills including proper use of typing, and experience building highly reliable systems that interact with external APIs (schema design, retry strategies, error propagation)</p></li><li><p style=\"min-height:1.5em\">Experience with LLMs, prompt engineering, and building on AI platforms</p></li><li><p style=\"min-height:1.5em\">Ability to implement systems with strict reliability requirements</p></li><li><p style=\"min-height:1.5em\">Understanding of testing and verification methodologies</p></li><li><p style=\"min-height:1.5em\">Experience working directly with customers or stakeholders to deliver technical solutions</p></li><li><p style=\"min-height:1.5em\">Familiarity with git workflows and collaborative development</p></li><li><p style=\"min-height:1.5em\">Strong debugging and problem-solving skills for complex systems</p></li><li><p style=\"min-height:1.5em\">Ability to balance theoretical concepts with practical implementation constraints</p></li><li><p style=\"min-height:1.5em\">Clear technical communication for both engineering and non-technical audiences</p></li></ul><h1>Nice to have</h1><ul style=\"min-height:1.5em\"><li><p style=\"min-height:1.5em\">Experience in regulated industries (healthcare, finance, legal)</p></li><li><p style=\"min-height:1.5em\">Background with simulation, synthetic data, or evaluation frameworks</p></li><li><p style=\"min-height:1.5em\">Understanding of distributed systems and service-oriented architectures</p></li><li><p style=\"min-height:1.5em\">Experience with observability and monitoring in production environments</p></li><li><p style=\"min-height:1.5em\">Familiarity with compliance requirements (HIPAA, SOC 2, GDPR) </p></li></ul><h1>Benefits</h1><p style=\"min-height:1.5em\"></p><h2>Health &amp; Wellness</h2><ul style=\"min-height:1.5em\"><li><p style=\"min-height:1.5em\">Comprehensive health, dental, and vision insurance</p></li><li><p style=\"min-height:1.5em\">Daily catered lunch and dinner</p></li><li><p style=\"min-height:1.5em\">Mental health support and wellness coaching</p></li><li><p style=\"min-height:1.5em\">Flexible wellness stipend for fitness, therapy, or personal growth</p></li></ul><h2>Growth &amp; Development</h2><ul style=\"min-height:1.5em\"><li><p style=\"min-height:1.5em\">Annual learning budget for courses, books, or conferences</p></li><li><p style=\"min-height:1.5em\">Conference attendance budget for professional development</p></li><li><p style=\"min-height:1.5em\">Annual team offsite</p></li><li><p style=\"min-height:1.5em\">Academic collaboration opportunities</p></li><li><p style=\"min-height:1.5em\">Unlimited PTO</p></li></ul><p style=\"min-height:1.5em\"></p><h1>Our Core Values</h1><ol style=\"min-height:1.5em\"><li><p style=\"min-height:1.5em\"><strong>Patients Win, We Win</strong></p><p style=\"min-height:1.5em\">If patients aren't getting better care, we haven't earned the right to scale. Every internal decision gets pressure-tested: does this make patients' lives better? If we can't draw the line, we question why we're doing it.</p></li><li><p style=\"min-height:1.5em\"><strong>High Standards, High Care</strong></p><p style=\"min-height:1.5em\">We hold a high bar for the team because patients are counting on us to get this right. But high standards only work with genuine investment in each other. You can take risks, admit mistakes, and challenge ideas\u00e2\u0080\u0094not despite our standards, but because of them.</p></li><li><p style=\"min-height:1.5em\"><strong>Thoughtful Urgency</strong></p><p style=\"min-height:1.5em\">We move fast by default, but speed without judgment is recklessness. The discipline is knowing which decisions are reversible vs. not. In healthcare AI, the companies that win will be fast everywhere they can be and careful everywhere they must be. We build the muscle to do both.</p></li><li><p style=\"min-height:1.5em\"><strong>Intensely Measured</strong></p><p style=\"min-height:1.5em\">We instrument patient outcomes, provider ROI, system performance, and clinical accuracy. But data without action is surveillance. Every metric should have an owner, a threshold, and a response plan. If we're measuring something but never acting on it, we stop measuring it.</p><p style=\"min-height:1.5em\"></p></li></ol><h1>Who Builds With Us</h1><ul style=\"min-height:1.5em\"><li><p style=\"min-height:1.5em\"><strong>Low ego: </strong>Politics and territory don't interest you. The best ideas win, regardless of who has them.</p></li><li><p style=\"min-height:1.5em\"><strong>Direct: </strong>You say the hard thing, challenge ideas openly, and commit fully once decided.</p></li><li><p style=\"min-height:1.5em\"><strong>High agency: </strong>You thrive on trust rather than instruction. When you see something is broken, you fix it. You don\u00e2\u0080\u0099t file tickets and wait for someone else.</p></li><li><p style=\"min-height:1.5em\"><strong>Bar of excellence: </strong>You hold yourself to a bar most people wouldn't, and you want teammates who do the same.</p></li><li><p style=\"min-height:1.5em\"><strong>Skeptical: </strong>You push back on rules that don\u00e2\u0080\u0099t make sense and question assumptions that haven\u00e2\u0080\u0099t earned their place.</p></li></ul><br/><br/>Please mention the word **READABLE** and tag RMTk3LjE1Ni43MS42NQ== when applying to show you read the job post completely (#RMTk3LjE1Ni43MS42NQ==). This is a beta feature to avoid spam applicants. Companies can search these words to find applicants that read this and see they're human.",
  "location": "Amsterdam",
  "apply_url": "https://remoteOK.com/remote-jobs/remote-applied-ai-engineer-europe-amigo-1131296",
  "salary_min": 0,
  "salary_max": 0,
  "logo": "",
  "url": "https://remoteOK.com/remote-jobs/remote-applied-ai-engineer-europe-amigo-1131296"
}
  [5/6] Checking leadership changes...
  [6/6] Scoring AI maturity...

  Brief saved to: outputs/hiring_signal_brief_multicompany.json
  Segment: segment_4_specialized_capability (confidence: 0.7)
  AI Maturity: 2/3
  Leadership detected: False (method: mock, confidence: medium)
  Signal confidence summary: {'crunchbase_firmographics': 'low', 'funding_event': 'medium', 'layoff_event': 'low', 'leadership_change': 'medium', 'hiring_velocity': 'low', 'ai_maturity': 'medium', 'overall_brief_confidence': 'high'}
  Honesty flags: ['weak_hiring_velocity_signal', 'tech_stack_inferred_not_confirmed']

── Probe 5.1 [Multi-thread Leakage] ──
  Hypothesis: Two prospects at same company get independent brief objects
  Expected:   brief_a and brief_b have same segment but separate data
  Actual:     a.segment=segment_4_specialized_capability, b.segment=segment_4_specialized_capability
  Status:     ✅ PASS (severity: LOW)

Running enrichment pipeline for: IsolationTest
  [1/6] Looking up Crunchbase data...
  Company 'IsolationTest' not in ODM sample - using mock data
  [2/6] Checking funding events...
  [3/6] Checking layoffs.fyi...
layoffs.csv not found - returning no layoff signal
  [4/6] Fetching job posts...
Fetching jobs from RemoteOK...
Total jobs fetched: 99
Sample job structure:
{
  "slug": "remote-applied-ai-engineer-europe-amigo-1131296",
  "id": "1131296",
  "epoch": 1776960017,
  "date": "2026-04-23T16:00:17+00:00",
  "company": "Amigo",
  "company_logo": "",
  "position": "Applied AI Engineer Europe",
  "tags": [
    "system",
    "python",
    "technical",
    "support",
    "software",
    "testing",
    "code",
    "investment",
    "git",
    "api",
    "leader",
    "operational",
    "reliability",
    "go",
    "health",
    "healthcare",
    "engineer",
    "engineering"
  ],
  "description": "<h1>About Amigo</h1><p style=\"min-height:1.5em\">Amigo partners with healthcare organizations to deploy robust AI infrastructure that directly serves patients and providers. Our agents handle clinical workflows and patient engagement across the entire journey: pre-visit intake, care navigation, post-visit care plans, patient monitoring, and more.</p><p style=\"min-height:1.5em\">We're fresh off our Series A backed by Tier 1 investors like Madrona, General Catalyst, and Optum Ventures. Our work is validated with leading academic medical institutions. Our agents have reached 3M+ patient encounters and are on track to 10x this year.</p><h1>About this role</h1><p style=\"min-height:1.5em\">The Applied AI Engineer role at Amigo is a launchpad. You'll ship production AI agents end-to-end \u00e2\u0080\u0094 writing the code, shaping product decisions, and sitting with customers as they deploy \u00e2\u0080\u0094 and in doing so, you'll build the exact skill set that opens doors to the next chapter of your career at Amigo.</p><p style=\"min-height:1.5em\"><strong>This role is designed to help you grow into other parts of the company.</strong> Applied AI Engineers move into one of four paths within 6\u00e2\u0080\u009312 months:</p><p style=\"min-height:1.5em\"></p><ul style=\"min-height:1.5em\"><li><p style=\"min-height:1.5em\"><strong>Applied AI</strong>: stay in the org; go deeper on agent architecture, verification frameworks, and the hardest customer problems; become a technical leader on the applied team</p></li><li><p style=\"min-height:1.5em\"><strong>Product Management</strong>: if you gravitate toward roadmap, discovery, and shaping what we build next</p></li><li><p style=\"min-height:1.5em\"><strong>Sales Engineering</strong>: if you thrive in pre-sales, technical storytelling, and closing enterprise deals</p></li><li><p style=\"min-height:1.5em\"><strong>Software Engineering</strong>: if you want to go deeper on platform, infrastructure, and core systems</p></li></ul><p style=\"min-height:1.5em\"></p><p style=\"min-height:1.5em\">You won't have to guess which fits. This role will actively help you explore each path, give you projects that stretch in those directions, and sponsor the internal transition when you're ready. People who want to stay on the applied side long-term can do that too \u00e2\u0080\u0094 but this role is explicitly built so you don't have to.</p><h1>What you'll do</h1><ul style=\"min-height:1.5em\"><li><p style=\"min-height:1.5em\">Implement context graphs that enable agents to select the right reasoning mode (lookup, pattern recognition, exploration) based on problem complexity</p></li><li><p style=\"min-height:1.5em\">Build and optimize agent configurations, including static personas, dynamic behaviors, and functional memory systems</p></li><li><p style=\"min-height:1.5em\">Design bounded Operational Patient Domains (OPDs) with explicit inclusions, exclusions, capabilities, and escalation rules</p></li><li><p style=\"min-height:1.5em\">Implement verification loops and simulation-based testing to validate agent performance against customer KPIs</p></li><li><p style=\"min-height:1.5em\">Write Python code for tool integrations and API orchestration within customer environments</p></li><li><p style=\"min-height:1.5em\">Build evaluation suites that gate deployments using customer-specific success metrics</p></li><li><p style=\"min-height:1.5em\">Collaborate with domain experts through structured interviews to capture reasoning patterns and clinical protocols</p></li><li><p style=\"min-height:1.5em\">Support technical power users through git-based workflows for rapid iteration</p></li><li><p style=\"min-height:1.5em\">Implement adversarial testing to systematically identify and prevent failure modes</p></li><li><p style=\"min-height:1.5em\">Ensure agents maintain audit-ready provenance with version pinning and evidence links</p></li><li><p style=\"min-height:1.5em\">Contribute to systematizing implementation patterns across different problem domains</p></li></ul><h1>What we're looking for</h1><ul style=\"min-height:1.5em\"><li><p style=\"min-height:1.5em\">2+ years of production software engineering experience</p></li><li><p style=\"min-height:1.5em\">Strong Python skills including proper use of typing, and experience building highly reliable systems that interact with external APIs (schema design, retry strategies, error propagation)</p></li><li><p style=\"min-height:1.5em\">Experience with LLMs, prompt engineering, and building on AI platforms</p></li><li><p style=\"min-height:1.5em\">Ability to implement systems with strict reliability requirements</p></li><li><p style=\"min-height:1.5em\">Understanding of testing and verification methodologies</p></li><li><p style=\"min-height:1.5em\">Experience working directly with customers or stakeholders to deliver technical solutions</p></li><li><p style=\"min-height:1.5em\">Familiarity with git workflows and collaborative development</p></li><li><p style=\"min-height:1.5em\">Strong debugging and problem-solving skills for complex systems</p></li><li><p style=\"min-height:1.5em\">Ability to balance theoretical concepts with practical implementation constraints</p></li><li><p style=\"min-height:1.5em\">Clear technical communication for both engineering and non-technical audiences</p></li></ul><h1>Nice to have</h1><ul style=\"min-height:1.5em\"><li><p style=\"min-height:1.5em\">Experience in regulated industries (healthcare, finance, legal)</p></li><li><p style=\"min-height:1.5em\">Background with simulation, synthetic data, or evaluation frameworks</p></li><li><p style=\"min-height:1.5em\">Understanding of distributed systems and service-oriented architectures</p></li><li><p style=\"min-height:1.5em\">Experience with observability and monitoring in production environments</p></li><li><p style=\"min-height:1.5em\">Familiarity with compliance requirements (HIPAA, SOC 2, GDPR) </p></li></ul><h1>Benefits</h1><p style=\"min-height:1.5em\"></p><h2>Health &amp; Wellness</h2><ul style=\"min-height:1.5em\"><li><p style=\"min-height:1.5em\">Comprehensive health, dental, and vision insurance</p></li><li><p style=\"min-height:1.5em\">Daily catered lunch and dinner</p></li><li><p style=\"min-height:1.5em\">Mental health support and wellness coaching</p></li><li><p style=\"min-height:1.5em\">Flexible wellness stipend for fitness, therapy, or personal growth</p></li></ul><h2>Growth &amp; Development</h2><ul style=\"min-height:1.5em\"><li><p style=\"min-height:1.5em\">Annual learning budget for courses, books, or conferences</p></li><li><p style=\"min-height:1.5em\">Conference attendance budget for professional development</p></li><li><p style=\"min-height:1.5em\">Annual team offsite</p></li><li><p style=\"min-height:1.5em\">Academic collaboration opportunities</p></li><li><p style=\"min-height:1.5em\">Unlimited PTO</p></li></ul><p style=\"min-height:1.5em\"></p><h1>Our Core Values</h1><ol style=\"min-height:1.5em\"><li><p style=\"min-height:1.5em\"><strong>Patients Win, We Win</strong></p><p style=\"min-height:1.5em\">If patients aren't getting better care, we haven't earned the right to scale. Every internal decision gets pressure-tested: does this make patients' lives better? If we can't draw the line, we question why we're doing it.</p></li><li><p style=\"min-height:1.5em\"><strong>High Standards, High Care</strong></p><p style=\"min-height:1.5em\">We hold a high bar for the team because patients are counting on us to get this right. But high standards only work with genuine investment in each other. You can take risks, admit mistakes, and challenge ideas\u00e2\u0080\u0094not despite our standards, but because of them.</p></li><li><p style=\"min-height:1.5em\"><strong>Thoughtful Urgency</strong></p><p style=\"min-height:1.5em\">We move fast by default, but speed without judgment is recklessness. The discipline is knowing which decisions are reversible vs. not. In healthcare AI, the companies that win will be fast everywhere they can be and careful everywhere they must be. We build the muscle to do both.</p></li><li><p style=\"min-height:1.5em\"><strong>Intensely Measured</strong></p><p style=\"min-height:1.5em\">We instrument patient outcomes, provider ROI, system performance, and clinical accuracy. But data without action is surveillance. Every metric should have an owner, a threshold, and a response plan. If we're measuring something but never acting on it, we stop measuring it.</p><p style=\"min-height:1.5em\"></p></li></ol><h1>Who Builds With Us</h1><ul style=\"min-height:1.5em\"><li><p style=\"min-height:1.5em\"><strong>Low ego: </strong>Politics and territory don't interest you. The best ideas win, regardless of who has them.</p></li><li><p style=\"min-height:1.5em\"><strong>Direct: </strong>You say the hard thing, challenge ideas openly, and commit fully once decided.</p></li><li><p style=\"min-height:1.5em\"><strong>High agency: </strong>You thrive on trust rather than instruction. When you see something is broken, you fix it. You don\u00e2\u0080\u0099t file tickets and wait for someone else.</p></li><li><p style=\"min-height:1.5em\"><strong>Bar of excellence: </strong>You hold yourself to a bar most people wouldn't, and you want teammates who do the same.</p></li><li><p style=\"min-height:1.5em\"><strong>Skeptical: </strong>You push back on rules that don\u00e2\u0080\u0099t make sense and question assumptions that haven\u00e2\u0080\u0099t earned their place.</p></li></ul><br/><br/>Please mention the word **READABLE** and tag RMTk3LjE1Ni43MS42NQ== when applying to show you read the job post completely (#RMTk3LjE1Ni43MS42NQ==). This is a beta feature to avoid spam applicants. Companies can search these words to find applicants that read this and see they're human.",
  "location": "Amsterdam",
  "apply_url": "https://remoteOK.com/remote-jobs/remote-applied-ai-engineer-europe-amigo-1131296",
  "salary_min": 0,
  "salary_max": 0,
  "logo": "",
  "url": "https://remoteOK.com/remote-jobs/remote-applied-ai-engineer-europe-amigo-1131296"
}
  [5/6] Checking leadership changes...
  [6/6] Scoring AI maturity...

  Brief saved to: outputs/hiring_signal_brief_isolationtest.json
  Segment: segment_4_specialized_capability (confidence: 0.7)
  AI Maturity: 2/3
  Leadership detected: False (method: mock, confidence: medium)
  Signal confidence summary: {'crunchbase_firmographics': 'low', 'funding_event': 'medium', 'layoff_event': 'low', 'leadership_change': 'medium', 'hiring_velocity': 'low', 'ai_maturity': 'low', 'overall_brief_confidence': 'high'}
  Honesty flags: ['weak_hiring_velocity_signal', 'weak_ai_maturity_signal', 'tech_stack_inferred_not_confirmed']

Running enrichment pipeline for: IsolationTest
  [1/6] Looking up Crunchbase data...
  Company 'IsolationTest' not in ODM sample - using mock data
  [2/6] Checking funding events...
  [3/6] Checking layoffs.fyi...
layoffs.csv not found - returning no layoff signal
  [4/6] Fetching job posts...
Fetching jobs from RemoteOK...
Total jobs fetched: 99
Sample job structure:
{
  "slug": "remote-applied-ai-engineer-europe-amigo-1131296",
  "id": "1131296",
  "epoch": 1776960017,
  "date": "2026-04-23T16:00:17+00:00",
  "company": "Amigo",
  "company_logo": "",
  "position": "Applied AI Engineer Europe",
  "tags": [
    "system",
    "python",
    "technical",
    "support",
    "software",
    "testing",
    "code",
    "investment",
    "git",
    "api",
    "leader",
    "operational",
    "reliability",
    "go",
    "health",
    "healthcare",
    "engineer",
    "engineering"
  ],
  "description": "<h1>About Amigo</h1><p style=\"min-height:1.5em\">Amigo partners with healthcare organizations to deploy robust AI infrastructure that directly serves patients and providers. Our agents handle clinical workflows and patient engagement across the entire journey: pre-visit intake, care navigation, post-visit care plans, patient monitoring, and more.</p><p style=\"min-height:1.5em\">We're fresh off our Series A backed by Tier 1 investors like Madrona, General Catalyst, and Optum Ventures. Our work is validated with leading academic medical institutions. Our agents have reached 3M+ patient encounters and are on track to 10x this year.</p><h1>About this role</h1><p style=\"min-height:1.5em\">The Applied AI Engineer role at Amigo is a launchpad. You'll ship production AI agents end-to-end \u00e2\u0080\u0094 writing the code, shaping product decisions, and sitting with customers as they deploy \u00e2\u0080\u0094 and in doing so, you'll build the exact skill set that opens doors to the next chapter of your career at Amigo.</p><p style=\"min-height:1.5em\"><strong>This role is designed to help you grow into other parts of the company.</strong> Applied AI Engineers move into one of four paths within 6\u00e2\u0080\u009312 months:</p><p style=\"min-height:1.5em\"></p><ul style=\"min-height:1.5em\"><li><p style=\"min-height:1.5em\"><strong>Applied AI</strong>: stay in the org; go deeper on agent architecture, verification frameworks, and the hardest customer problems; become a technical leader on the applied team</p></li><li><p style=\"min-height:1.5em\"><strong>Product Management</strong>: if you gravitate toward roadmap, discovery, and shaping what we build next</p></li><li><p style=\"min-height:1.5em\"><strong>Sales Engineering</strong>: if you thrive in pre-sales, technical storytelling, and closing enterprise deals</p></li><li><p style=\"min-height:1.5em\"><strong>Software Engineering</strong>: if you want to go deeper on platform, infrastructure, and core systems</p></li></ul><p style=\"min-height:1.5em\"></p><p style=\"min-height:1.5em\">You won't have to guess which fits. This role will actively help you explore each path, give you projects that stretch in those directions, and sponsor the internal transition when you're ready. People who want to stay on the applied side long-term can do that too \u00e2\u0080\u0094 but this role is explicitly built so you don't have to.</p><h1>What you'll do</h1><ul style=\"min-height:1.5em\"><li><p style=\"min-height:1.5em\">Implement context graphs that enable agents to select the right reasoning mode (lookup, pattern recognition, exploration) based on problem complexity</p></li><li><p style=\"min-height:1.5em\">Build and optimize agent configurations, including static personas, dynamic behaviors, and functional memory systems</p></li><li><p style=\"min-height:1.5em\">Design bounded Operational Patient Domains (OPDs) with explicit inclusions, exclusions, capabilities, and escalation rules</p></li><li><p style=\"min-height:1.5em\">Implement verification loops and simulation-based testing to validate agent performance against customer KPIs</p></li><li><p style=\"min-height:1.5em\">Write Python code for tool integrations and API orchestration within customer environments</p></li><li><p style=\"min-height:1.5em\">Build evaluation suites that gate deployments using customer-specific success metrics</p></li><li><p style=\"min-height:1.5em\">Collaborate with domain experts through structured interviews to capture reasoning patterns and clinical protocols</p></li><li><p style=\"min-height:1.5em\">Support technical power users through git-based workflows for rapid iteration</p></li><li><p style=\"min-height:1.5em\">Implement adversarial testing to systematically identify and prevent failure modes</p></li><li><p style=\"min-height:1.5em\">Ensure agents maintain audit-ready provenance with version pinning and evidence links</p></li><li><p style=\"min-height:1.5em\">Contribute to systematizing implementation patterns across different problem domains</p></li></ul><h1>What we're looking for</h1><ul style=\"min-height:1.5em\"><li><p style=\"min-height:1.5em\">2+ years of production software engineering experience</p></li><li><p style=\"min-height:1.5em\">Strong Python skills including proper use of typing, and experience building highly reliable systems that interact with external APIs (schema design, retry strategies, error propagation)</p></li><li><p style=\"min-height:1.5em\">Experience with LLMs, prompt engineering, and building on AI platforms</p></li><li><p style=\"min-height:1.5em\">Ability to implement systems with strict reliability requirements</p></li><li><p style=\"min-height:1.5em\">Understanding of testing and verification methodologies</p></li><li><p style=\"min-height:1.5em\">Experience working directly with customers or stakeholders to deliver technical solutions</p></li><li><p style=\"min-height:1.5em\">Familiarity with git workflows and collaborative development</p></li><li><p style=\"min-height:1.5em\">Strong debugging and problem-solving skills for complex systems</p></li><li><p style=\"min-height:1.5em\">Ability to balance theoretical concepts with practical implementation constraints</p></li><li><p style=\"min-height:1.5em\">Clear technical communication for both engineering and non-technical audiences</p></li></ul><h1>Nice to have</h1><ul style=\"min-height:1.5em\"><li><p style=\"min-height:1.5em\">Experience in regulated industries (healthcare, finance, legal)</p></li><li><p style=\"min-height:1.5em\">Background with simulation, synthetic data, or evaluation frameworks</p></li><li><p style=\"min-height:1.5em\">Understanding of distributed systems and service-oriented architectures</p></li><li><p style=\"min-height:1.5em\">Experience with observability and monitoring in production environments</p></li><li><p style=\"min-height:1.5em\">Familiarity with compliance requirements (HIPAA, SOC 2, GDPR) </p></li></ul><h1>Benefits</h1><p style=\"min-height:1.5em\"></p><h2>Health &amp; Wellness</h2><ul style=\"min-height:1.5em\"><li><p style=\"min-height:1.5em\">Comprehensive health, dental, and vision insurance</p></li><li><p style=\"min-height:1.5em\">Daily catered lunch and dinner</p></li><li><p style=\"min-height:1.5em\">Mental health support and wellness coaching</p></li><li><p style=\"min-height:1.5em\">Flexible wellness stipend for fitness, therapy, or personal growth</p></li></ul><h2>Growth &amp; Development</h2><ul style=\"min-height:1.5em\"><li><p style=\"min-height:1.5em\">Annual learning budget for courses, books, or conferences</p></li><li><p style=\"min-height:1.5em\">Conference attendance budget for professional development</p></li><li><p style=\"min-height:1.5em\">Annual team offsite</p></li><li><p style=\"min-height:1.5em\">Academic collaboration opportunities</p></li><li><p style=\"min-height:1.5em\">Unlimited PTO</p></li></ul><p style=\"min-height:1.5em\"></p><h1>Our Core Values</h1><ol style=\"min-height:1.5em\"><li><p style=\"min-height:1.5em\"><strong>Patients Win, We Win</strong></p><p style=\"min-height:1.5em\">If patients aren't getting better care, we haven't earned the right to scale. Every internal decision gets pressure-tested: does this make patients' lives better? If we can't draw the line, we question why we're doing it.</p></li><li><p style=\"min-height:1.5em\"><strong>High Standards, High Care</strong></p><p style=\"min-height:1.5em\">We hold a high bar for the team because patients are counting on us to get this right. But high standards only work with genuine investment in each other. You can take risks, admit mistakes, and challenge ideas\u00e2\u0080\u0094not despite our standards, but because of them.</p></li><li><p style=\"min-height:1.5em\"><strong>Thoughtful Urgency</strong></p><p style=\"min-height:1.5em\">We move fast by default, but speed without judgment is recklessness. The discipline is knowing which decisions are reversible vs. not. In healthcare AI, the companies that win will be fast everywhere they can be and careful everywhere they must be. We build the muscle to do both.</p></li><li><p style=\"min-height:1.5em\"><strong>Intensely Measured</strong></p><p style=\"min-height:1.5em\">We instrument patient outcomes, provider ROI, system performance, and clinical accuracy. But data without action is surveillance. Every metric should have an owner, a threshold, and a response plan. If we're measuring something but never acting on it, we stop measuring it.</p><p style=\"min-height:1.5em\"></p></li></ol><h1>Who Builds With Us</h1><ul style=\"min-height:1.5em\"><li><p style=\"min-height:1.5em\"><strong>Low ego: </strong>Politics and territory don't interest you. The best ideas win, regardless of who has them.</p></li><li><p style=\"min-height:1.5em\"><strong>Direct: </strong>You say the hard thing, challenge ideas openly, and commit fully once decided.</p></li><li><p style=\"min-height:1.5em\"><strong>High agency: </strong>You thrive on trust rather than instruction. When you see something is broken, you fix it. You don\u00e2\u0080\u0099t file tickets and wait for someone else.</p></li><li><p style=\"min-height:1.5em\"><strong>Bar of excellence: </strong>You hold yourself to a bar most people wouldn't, and you want teammates who do the same.</p></li><li><p style=\"min-height:1.5em\"><strong>Skeptical: </strong>You push back on rules that don\u00e2\u0080\u0099t make sense and question assumptions that haven\u00e2\u0080\u0099t earned their place.</p></li></ul><br/><br/>Please mention the word **READABLE** and tag RMTk3LjE1Ni43MS42NQ== when applying to show you read the job post completely (#RMTk3LjE1Ni43MS42NQ==). This is a beta feature to avoid spam applicants. Companies can search these words to find applicants that read this and see they're human.",
  "location": "Amsterdam",
  "apply_url": "https://remoteOK.com/remote-jobs/remote-applied-ai-engineer-europe-amigo-1131296",
  "salary_min": 0,
  "salary_max": 0,
  "logo": "",
  "url": "https://remoteOK.com/remote-jobs/remote-applied-ai-engineer-europe-amigo-1131296"
}
  [5/6] Checking leadership changes...
  [6/6] Scoring AI maturity...

  Brief saved to: outputs/hiring_signal_brief_isolationtest.json
  Segment: segment_4_specialized_capability (confidence: 0.7)
  AI Maturity: 2/3
  Leadership detected: False (method: mock, confidence: medium)
  Signal confidence summary: {'crunchbase_firmographics': 'low', 'funding_event': 'medium', 'layoff_event': 'low', 'leadership_change': 'medium', 'hiring_velocity': 'low', 'ai_maturity': 'low', 'overall_brief_confidence': 'high'}
  Honesty flags: ['weak_hiring_velocity_signal', 'weak_ai_maturity_signal', 'tech_stack_inferred_not_confirmed']

── Probe 5.2 [Multi-thread Leakage] ──
  Hypothesis: Mutating one brief does not affect subsequent runs
  Expected:   brief_d.segment = segment_4_specialized_capability
  Actual:     brief_d.segment = segment_4_specialized_capability
  Status:     ✅ PASS (severity: LOW)

Running enrichment pipeline for: 
  [1/6] Looking up Crunchbase data...
  [2/6] Checking funding events...
  [3/6] Checking layoffs.fyi...
layoffs.csv not found - returning no layoff signal
  [4/6] Fetching job posts...
Fetching jobs from RemoteOK...
Total jobs fetched: 99
Sample job structure:
{
  "slug": "remote-applied-ai-engineer-europe-amigo-1131296",
  "id": "1131296",
  "epoch": 1776960017,
  "date": "2026-04-23T16:00:17+00:00",
  "company": "Amigo",
  "company_logo": "",
  "position": "Applied AI Engineer Europe",
  "tags": [
    "system",
    "python",
    "technical",
    "support",
    "software",
    "testing",
    "code",
    "investment",
    "git",
    "api",
    "leader",
    "operational",
    "reliability",
    "go",
    "health",
    "healthcare",
    "engineer",
    "engineering"
  ],
  "description": "<h1>About Amigo</h1><p style=\"min-height:1.5em\">Amigo partners with healthcare organizations to deploy robust AI infrastructure that directly serves patients and providers. Our agents handle clinical workflows and patient engagement across the entire journey: pre-visit intake, care navigation, post-visit care plans, patient monitoring, and more.</p><p style=\"min-height:1.5em\">We're fresh off our Series A backed by Tier 1 investors like Madrona, General Catalyst, and Optum Ventures. Our work is validated with leading academic medical institutions. Our agents have reached 3M+ patient encounters and are on track to 10x this year.</p><h1>About this role</h1><p style=\"min-height:1.5em\">The Applied AI Engineer role at Amigo is a launchpad. You'll ship production AI agents end-to-end \u00e2\u0080\u0094 writing the code, shaping product decisions, and sitting with customers as they deploy \u00e2\u0080\u0094 and in doing so, you'll build the exact skill set that opens doors to the next chapter of your career at Amigo.</p><p style=\"min-height:1.5em\"><strong>This role is designed to help you grow into other parts of the company.</strong> Applied AI Engineers move into one of four paths within 6\u00e2\u0080\u009312 months:</p><p style=\"min-height:1.5em\"></p><ul style=\"min-height:1.5em\"><li><p style=\"min-height:1.5em\"><strong>Applied AI</strong>: stay in the org; go deeper on agent architecture, verification frameworks, and the hardest customer problems; become a technical leader on the applied team</p></li><li><p style=\"min-height:1.5em\"><strong>Product Management</strong>: if you gravitate toward roadmap, discovery, and shaping what we build next</p></li><li><p style=\"min-height:1.5em\"><strong>Sales Engineering</strong>: if you thrive in pre-sales, technical storytelling, and closing enterprise deals</p></li><li><p style=\"min-height:1.5em\"><strong>Software Engineering</strong>: if you want to go deeper on platform, infrastructure, and core systems</p></li></ul><p style=\"min-height:1.5em\"></p><p style=\"min-height:1.5em\">You won't have to guess which fits. This role will actively help you explore each path, give you projects that stretch in those directions, and sponsor the internal transition when you're ready. People who want to stay on the applied side long-term can do that too \u00e2\u0080\u0094 but this role is explicitly built so you don't have to.</p><h1>What you'll do</h1><ul style=\"min-height:1.5em\"><li><p style=\"min-height:1.5em\">Implement context graphs that enable agents to select the right reasoning mode (lookup, pattern recognition, exploration) based on problem complexity</p></li><li><p style=\"min-height:1.5em\">Build and optimize agent configurations, including static personas, dynamic behaviors, and functional memory systems</p></li><li><p style=\"min-height:1.5em\">Design bounded Operational Patient Domains (OPDs) with explicit inclusions, exclusions, capabilities, and escalation rules</p></li><li><p style=\"min-height:1.5em\">Implement verification loops and simulation-based testing to validate agent performance against customer KPIs</p></li><li><p style=\"min-height:1.5em\">Write Python code for tool integrations and API orchestration within customer environments</p></li><li><p style=\"min-height:1.5em\">Build evaluation suites that gate deployments using customer-specific success metrics</p></li><li><p style=\"min-height:1.5em\">Collaborate with domain experts through structured interviews to capture reasoning patterns and clinical protocols</p></li><li><p style=\"min-height:1.5em\">Support technical power users through git-based workflows for rapid iteration</p></li><li><p style=\"min-height:1.5em\">Implement adversarial testing to systematically identify and prevent failure modes</p></li><li><p style=\"min-height:1.5em\">Ensure agents maintain audit-ready provenance with version pinning and evidence links</p></li><li><p style=\"min-height:1.5em\">Contribute to systematizing implementation patterns across different problem domains</p></li></ul><h1>What we're looking for</h1><ul style=\"min-height:1.5em\"><li><p style=\"min-height:1.5em\">2+ years of production software engineering experience</p></li><li><p style=\"min-height:1.5em\">Strong Python skills including proper use of typing, and experience building highly reliable systems that interact with external APIs (schema design, retry strategies, error propagation)</p></li><li><p style=\"min-height:1.5em\">Experience with LLMs, prompt engineering, and building on AI platforms</p></li><li><p style=\"min-height:1.5em\">Ability to implement systems with strict reliability requirements</p></li><li><p style=\"min-height:1.5em\">Understanding of testing and verification methodologies</p></li><li><p style=\"min-height:1.5em\">Experience working directly with customers or stakeholders to deliver technical solutions</p></li><li><p style=\"min-height:1.5em\">Familiarity with git workflows and collaborative development</p></li><li><p style=\"min-height:1.5em\">Strong debugging and problem-solving skills for complex systems</p></li><li><p style=\"min-height:1.5em\">Ability to balance theoretical concepts with practical implementation constraints</p></li><li><p style=\"min-height:1.5em\">Clear technical communication for both engineering and non-technical audiences</p></li></ul><h1>Nice to have</h1><ul style=\"min-height:1.5em\"><li><p style=\"min-height:1.5em\">Experience in regulated industries (healthcare, finance, legal)</p></li><li><p style=\"min-height:1.5em\">Background with simulation, synthetic data, or evaluation frameworks</p></li><li><p style=\"min-height:1.5em\">Understanding of distributed systems and service-oriented architectures</p></li><li><p style=\"min-height:1.5em\">Experience with observability and monitoring in production environments</p></li><li><p style=\"min-height:1.5em\">Familiarity with compliance requirements (HIPAA, SOC 2, GDPR) </p></li></ul><h1>Benefits</h1><p style=\"min-height:1.5em\"></p><h2>Health &amp; Wellness</h2><ul style=\"min-height:1.5em\"><li><p style=\"min-height:1.5em\">Comprehensive health, dental, and vision insurance</p></li><li><p style=\"min-height:1.5em\">Daily catered lunch and dinner</p></li><li><p style=\"min-height:1.5em\">Mental health support and wellness coaching</p></li><li><p style=\"min-height:1.5em\">Flexible wellness stipend for fitness, therapy, or personal growth</p></li></ul><h2>Growth &amp; Development</h2><ul style=\"min-height:1.5em\"><li><p style=\"min-height:1.5em\">Annual learning budget for courses, books, or conferences</p></li><li><p style=\"min-height:1.5em\">Conference attendance budget for professional development</p></li><li><p style=\"min-height:1.5em\">Annual team offsite</p></li><li><p style=\"min-height:1.5em\">Academic collaboration opportunities</p></li><li><p style=\"min-height:1.5em\">Unlimited PTO</p></li></ul><p style=\"min-height:1.5em\"></p><h1>Our Core Values</h1><ol style=\"min-height:1.5em\"><li><p style=\"min-height:1.5em\"><strong>Patients Win, We Win</strong></p><p style=\"min-height:1.5em\">If patients aren't getting better care, we haven't earned the right to scale. Every internal decision gets pressure-tested: does this make patients' lives better? If we can't draw the line, we question why we're doing it.</p></li><li><p style=\"min-height:1.5em\"><strong>High Standards, High Care</strong></p><p style=\"min-height:1.5em\">We hold a high bar for the team because patients are counting on us to get this right. But high standards only work with genuine investment in each other. You can take risks, admit mistakes, and challenge ideas\u00e2\u0080\u0094not despite our standards, but because of them.</p></li><li><p style=\"min-height:1.5em\"><strong>Thoughtful Urgency</strong></p><p style=\"min-height:1.5em\">We move fast by default, but speed without judgment is recklessness. The discipline is knowing which decisions are reversible vs. not. In healthcare AI, the companies that win will be fast everywhere they can be and careful everywhere they must be. We build the muscle to do both.</p></li><li><p style=\"min-height:1.5em\"><strong>Intensely Measured</strong></p><p style=\"min-height:1.5em\">We instrument patient outcomes, provider ROI, system performance, and clinical accuracy. But data without action is surveillance. Every metric should have an owner, a threshold, and a response plan. If we're measuring something but never acting on it, we stop measuring it.</p><p style=\"min-height:1.5em\"></p></li></ol><h1>Who Builds With Us</h1><ul style=\"min-height:1.5em\"><li><p style=\"min-height:1.5em\"><strong>Low ego: </strong>Politics and territory don't interest you. The best ideas win, regardless of who has them.</p></li><li><p style=\"min-height:1.5em\"><strong>Direct: </strong>You say the hard thing, challenge ideas openly, and commit fully once decided.</p></li><li><p style=\"min-height:1.5em\"><strong>High agency: </strong>You thrive on trust rather than instruction. When you see something is broken, you fix it. You don\u00e2\u0080\u0099t file tickets and wait for someone else.</p></li><li><p style=\"min-height:1.5em\"><strong>Bar of excellence: </strong>You hold yourself to a bar most people wouldn't, and you want teammates who do the same.</p></li><li><p style=\"min-height:1.5em\"><strong>Skeptical: </strong>You push back on rules that don\u00e2\u0080\u0099t make sense and question assumptions that haven\u00e2\u0080\u0099t earned their place.</p></li></ul><br/><br/>Please mention the word **READABLE** and tag RMTk3LjE1Ni43MS42NQ== when applying to show you read the job post completely (#RMTk3LjE1Ni43MS42NQ==). This is a beta feature to avoid spam applicants. Companies can search these words to find applicants that read this and see they're human.",
  "location": "Amsterdam",
  "apply_url": "https://remoteOK.com/remote-jobs/remote-applied-ai-engineer-europe-amigo-1131296",
  "salary_min": 0,
  "salary_max": 0,
  "logo": "",
  "url": "https://remoteOK.com/remote-jobs/remote-applied-ai-engineer-europe-amigo-1131296"
}
  [5/6] Checking leadership changes...
  [6/6] Scoring AI maturity...

  Brief saved to: outputs/hiring_signal_brief_.json
  Segment: abstain (confidence: 0.4)
  AI Maturity: 1/3
  Leadership detected: True (method: google_news_rss, confidence: medium)
  Signal confidence summary: {'crunchbase_firmographics': 'high', 'funding_event': 'low', 'layoff_event': 'low', 'leadership_change': 'medium', 'hiring_velocity': 'high', 'ai_maturity': 'low', 'overall_brief_confidence': 'medium'}
  Honesty flags: ['weak_ai_maturity_signal']

── Probe 6.1 [Cost Pathology] ──
  Hypothesis: Empty company name should fail cleanly
  Expected:   Raises exception or returns error
  Actual:     Completed with segment: abstain
  Status:     ❌ FAIL (severity: MEDIUM)
  Notes:      No input validation on empty strings

Running enrichment pipeline for: AAAAAAAAAAAAAAAAAAAAAAAAAAAAAAAAAAAAAAAAAAAAAAAAAAAAAAAAAAAAAAAAAAAAAAAAAAAAAAAAAAAAAAAAAAAAAAAAAAAAAAAAAAAAAAAAAAAAAAAAAAAAAAAAAAAAAAAAAAAAAAAAAAAAAAAAAAAAAAAAAAAAAAAAAAAAAAAAAAAAAAAAAAAAAAAAAAAAAAAAAAAAAAAAAAAAAAAAAAAAAAAAAAAAAAAAAAAAAAAAAAAAAAAAAAAAAAAAAAAAAAAAAAAAAAAAAAAAAAAAAAAAAAAAAAAAAAAAAAAAAAAAAAAAAAAAAAAAAAAAAAAAAAAAAAAAAAAAAAAAAAAAAAAAAAAAAAAAAAAAAAAAAAAAAAAAAAAAAAAAAAAAAAAAAAAAAAAAAAAAAAAAAAAAAAAAAAAAAAAAAAAAAAAAAAAAAAAAAAAAAAAAAAAAAAAAAAAAAAAAAAAAAAAAAAAAAAAAAAAAAAAAAAAAAAAAAAAAAAAA
  [1/6] Looking up Crunchbase data...
  Company 'AAAAAAAAAAAAAAAAAAAAAAAAAAAAAAAAAAAAAAAAAAAAAAAAAAAAAAAAAAAAAAAAAAAAAAAAAAAAAAAAAAAAAAAAAAAAAAAAAAAAAAAAAAAAAAAAAAAAAAAAAAAAAAAAAAAAAAAAAAAAAAAAAAAAAAAAAAAAAAAAAAAAAAAAAAAAAAAAAAAAAAAAAAAAAAAAAAAAAAAAAAAAAAAAAAAAAAAAAAAAAAAAAAAAAAAAAAAAAAAAAAAAAAAAAAAAAAAAAAAAAAAAAAAAAAAAAAAAAAAAAAAAAAAAAAAAAAAAAAAAAAAAAAAAAAAAAAAAAAAAAAAAAAAAAAAAAAAAAAAAAAAAAAAAAAAAAAAAAAAAAAAAAAAAAAAAAAAAAAAAAAAAAAAAAAAAAAAAAAAAAAAAAAAAAAAAAAAAAAAAAAAAAAAAAAAAAAAAAAAAAAAAAAAAAAAAAAAAAAAAAAAAAAAAAAAAAAAAAAAAAAAAAAAAAAAAAAAAAAAA' not in ODM sample - using mock data
  [2/6] Checking funding events...
  [3/6] Checking layoffs.fyi...
layoffs.csv not found - returning no layoff signal
  [4/6] Fetching job posts...
Fetching jobs from RemoteOK...
Total jobs fetched: 99
Sample job structure:
{
  "slug": "remote-applied-ai-engineer-europe-amigo-1131296",
  "id": "1131296",
  "epoch": 1776960017,
  "date": "2026-04-23T16:00:17+00:00",
  "company": "Amigo",
  "company_logo": "",
  "position": "Applied AI Engineer Europe",
  "tags": [
    "system",
    "python",
    "technical",
    "support",
    "software",
    "testing",
    "code",
    "investment",
    "git",
    "api",
    "leader",
    "operational",
    "reliability",
    "go",
    "health",
    "healthcare",
    "engineer",
    "engineering"
  ],
  "description": "<h1>About Amigo</h1><p style=\"min-height:1.5em\">Amigo partners with healthcare organizations to deploy robust AI infrastructure that directly serves patients and providers. Our agents handle clinical workflows and patient engagement across the entire journey: pre-visit intake, care navigation, post-visit care plans, patient monitoring, and more.</p><p style=\"min-height:1.5em\">We're fresh off our Series A backed by Tier 1 investors like Madrona, General Catalyst, and Optum Ventures. Our work is validated with leading academic medical institutions. Our agents have reached 3M+ patient encounters and are on track to 10x this year.</p><h1>About this role</h1><p style=\"min-height:1.5em\">The Applied AI Engineer role at Amigo is a launchpad. You'll ship production AI agents end-to-end \u00e2\u0080\u0094 writing the code, shaping product decisions, and sitting with customers as they deploy \u00e2\u0080\u0094 and in doing so, you'll build the exact skill set that opens doors to the next chapter of your career at Amigo.</p><p style=\"min-height:1.5em\"><strong>This role is designed to help you grow into other parts of the company.</strong> Applied AI Engineers move into one of four paths within 6\u00e2\u0080\u009312 months:</p><p style=\"min-height:1.5em\"></p><ul style=\"min-height:1.5em\"><li><p style=\"min-height:1.5em\"><strong>Applied AI</strong>: stay in the org; go deeper on agent architecture, verification frameworks, and the hardest customer problems; become a technical leader on the applied team</p></li><li><p style=\"min-height:1.5em\"><strong>Product Management</strong>: if you gravitate toward roadmap, discovery, and shaping what we build next</p></li><li><p style=\"min-height:1.5em\"><strong>Sales Engineering</strong>: if you thrive in pre-sales, technical storytelling, and closing enterprise deals</p></li><li><p style=\"min-height:1.5em\"><strong>Software Engineering</strong>: if you want to go deeper on platform, infrastructure, and core systems</p></li></ul><p style=\"min-height:1.5em\"></p><p style=\"min-height:1.5em\">You won't have to guess which fits. This role will actively help you explore each path, give you projects that stretch in those directions, and sponsor the internal transition when you're ready. People who want to stay on the applied side long-term can do that too \u00e2\u0080\u0094 but this role is explicitly built so you don't have to.</p><h1>What you'll do</h1><ul style=\"min-height:1.5em\"><li><p style=\"min-height:1.5em\">Implement context graphs that enable agents to select the right reasoning mode (lookup, pattern recognition, exploration) based on problem complexity</p></li><li><p style=\"min-height:1.5em\">Build and optimize agent configurations, including static personas, dynamic behaviors, and functional memory systems</p></li><li><p style=\"min-height:1.5em\">Design bounded Operational Patient Domains (OPDs) with explicit inclusions, exclusions, capabilities, and escalation rules</p></li><li><p style=\"min-height:1.5em\">Implement verification loops and simulation-based testing to validate agent performance against customer KPIs</p></li><li><p style=\"min-height:1.5em\">Write Python code for tool integrations and API orchestration within customer environments</p></li><li><p style=\"min-height:1.5em\">Build evaluation suites that gate deployments using customer-specific success metrics</p></li><li><p style=\"min-height:1.5em\">Collaborate with domain experts through structured interviews to capture reasoning patterns and clinical protocols</p></li><li><p style=\"min-height:1.5em\">Support technical power users through git-based workflows for rapid iteration</p></li><li><p style=\"min-height:1.5em\">Implement adversarial testing to systematically identify and prevent failure modes</p></li><li><p style=\"min-height:1.5em\">Ensure agents maintain audit-ready provenance with version pinning and evidence links</p></li><li><p style=\"min-height:1.5em\">Contribute to systematizing implementation patterns across different problem domains</p></li></ul><h1>What we're looking for</h1><ul style=\"min-height:1.5em\"><li><p style=\"min-height:1.5em\">2+ years of production software engineering experience</p></li><li><p style=\"min-height:1.5em\">Strong Python skills including proper use of typing, and experience building highly reliable systems that interact with external APIs (schema design, retry strategies, error propagation)</p></li><li><p style=\"min-height:1.5em\">Experience with LLMs, prompt engineering, and building on AI platforms</p></li><li><p style=\"min-height:1.5em\">Ability to implement systems with strict reliability requirements</p></li><li><p style=\"min-height:1.5em\">Understanding of testing and verification methodologies</p></li><li><p style=\"min-height:1.5em\">Experience working directly with customers or stakeholders to deliver technical solutions</p></li><li><p style=\"min-height:1.5em\">Familiarity with git workflows and collaborative development</p></li><li><p style=\"min-height:1.5em\">Strong debugging and problem-solving skills for complex systems</p></li><li><p style=\"min-height:1.5em\">Ability to balance theoretical concepts with practical implementation constraints</p></li><li><p style=\"min-height:1.5em\">Clear technical communication for both engineering and non-technical audiences</p></li></ul><h1>Nice to have</h1><ul style=\"min-height:1.5em\"><li><p style=\"min-height:1.5em\">Experience in regulated industries (healthcare, finance, legal)</p></li><li><p style=\"min-height:1.5em\">Background with simulation, synthetic data, or evaluation frameworks</p></li><li><p style=\"min-height:1.5em\">Understanding of distributed systems and service-oriented architectures</p></li><li><p style=\"min-height:1.5em\">Experience with observability and monitoring in production environments</p></li><li><p style=\"min-height:1.5em\">Familiarity with compliance requirements (HIPAA, SOC 2, GDPR) </p></li></ul><h1>Benefits</h1><p style=\"min-height:1.5em\"></p><h2>Health &amp; Wellness</h2><ul style=\"min-height:1.5em\"><li><p style=\"min-height:1.5em\">Comprehensive health, dental, and vision insurance</p></li><li><p style=\"min-height:1.5em\">Daily catered lunch and dinner</p></li><li><p style=\"min-height:1.5em\">Mental health support and wellness coaching</p></li><li><p style=\"min-height:1.5em\">Flexible wellness stipend for fitness, therapy, or personal growth</p></li></ul><h2>Growth &amp; Development</h2><ul style=\"min-height:1.5em\"><li><p style=\"min-height:1.5em\">Annual learning budget for courses, books, or conferences</p></li><li><p style=\"min-height:1.5em\">Conference attendance budget for professional development</p></li><li><p style=\"min-height:1.5em\">Annual team offsite</p></li><li><p style=\"min-height:1.5em\">Academic collaboration opportunities</p></li><li><p style=\"min-height:1.5em\">Unlimited PTO</p></li></ul><p style=\"min-height:1.5em\"></p><h1>Our Core Values</h1><ol style=\"min-height:1.5em\"><li><p style=\"min-height:1.5em\"><strong>Patients Win, We Win</strong></p><p style=\"min-height:1.5em\">If patients aren't getting better care, we haven't earned the right to scale. Every internal decision gets pressure-tested: does this make patients' lives better? If we can't draw the line, we question why we're doing it.</p></li><li><p style=\"min-height:1.5em\"><strong>High Standards, High Care</strong></p><p style=\"min-height:1.5em\">We hold a high bar for the team because patients are counting on us to get this right. But high standards only work with genuine investment in each other. You can take risks, admit mistakes, and challenge ideas\u00e2\u0080\u0094not despite our standards, but because of them.</p></li><li><p style=\"min-height:1.5em\"><strong>Thoughtful Urgency</strong></p><p style=\"min-height:1.5em\">We move fast by default, but speed without judgment is recklessness. The discipline is knowing which decisions are reversible vs. not. In healthcare AI, the companies that win will be fast everywhere they can be and careful everywhere they must be. We build the muscle to do both.</p></li><li><p style=\"min-height:1.5em\"><strong>Intensely Measured</strong></p><p style=\"min-height:1.5em\">We instrument patient outcomes, provider ROI, system performance, and clinical accuracy. But data without action is surveillance. Every metric should have an owner, a threshold, and a response plan. If we're measuring something but never acting on it, we stop measuring it.</p><p style=\"min-height:1.5em\"></p></li></ol><h1>Who Builds With Us</h1><ul style=\"min-height:1.5em\"><li><p style=\"min-height:1.5em\"><strong>Low ego: </strong>Politics and territory don't interest you. The best ideas win, regardless of who has them.</p></li><li><p style=\"min-height:1.5em\"><strong>Direct: </strong>You say the hard thing, challenge ideas openly, and commit fully once decided.</p></li><li><p style=\"min-height:1.5em\"><strong>High agency: </strong>You thrive on trust rather than instruction. When you see something is broken, you fix it. You don\u00e2\u0080\u0099t file tickets and wait for someone else.</p></li><li><p style=\"min-height:1.5em\"><strong>Bar of excellence: </strong>You hold yourself to a bar most people wouldn't, and you want teammates who do the same.</p></li><li><p style=\"min-height:1.5em\"><strong>Skeptical: </strong>You push back on rules that don\u00e2\u0080\u0099t make sense and question assumptions that haven\u00e2\u0080\u0099t earned their place.</p></li></ul><br/><br/>Please mention the word **READABLE** and tag RMTk3LjE1Ni43MS42NQ== when applying to show you read the job post completely (#RMTk3LjE1Ni43MS42NQ==). This is a beta feature to avoid spam applicants. Companies can search these words to find applicants that read this and see they're human.",
  "location": "Amsterdam",
  "apply_url": "https://remoteOK.com/remote-jobs/remote-applied-ai-engineer-europe-amigo-1131296",
  "salary_min": 0,
  "salary_max": 0,
  "logo": "",
  "url": "https://remoteOK.com/remote-jobs/remote-applied-ai-engineer-europe-amigo-1131296"
}
  [5/6] Checking leadership changes...
  [6/6] Scoring AI maturity...

── Probe 6.2 [Cost Pathology] ──
  Hypothesis: 500-char name handling
  Expected:   Fails gracefully
  Actual:     Exception: OSError
  Status:     ✅ PASS (severity: n/a)

Running enrichment pipeline for: MalformedTest
  [1/6] Looking up Crunchbase data...
  Company 'MalformedTest' not in ODM sample - using mock data
  [2/6] Checking funding events...
  [3/6] Checking layoffs.fyi...
layoffs.csv not found - returning no layoff signal
  [4/6] Fetching job posts...
Fetching jobs from RemoteOK...
Total jobs fetched: 99
Sample job structure:
{
  "slug": "remote-applied-ai-engineer-europe-amigo-1131296",
  "id": "1131296",
  "epoch": 1776960017,
  "date": "2026-04-23T16:00:17+00:00",
  "company": "Amigo",
  "company_logo": "",
  "position": "Applied AI Engineer Europe",
  "tags": [
    "system",
    "python",
    "technical",
    "support",
    "software",
    "testing",
    "code",
    "investment",
    "git",
    "api",
    "leader",
    "operational",
    "reliability",
    "go",
    "health",
    "healthcare",
    "engineer",
    "engineering"
  ],
  "description": "<h1>About Amigo</h1><p style=\"min-height:1.5em\">Amigo partners with healthcare organizations to deploy robust AI infrastructure that directly serves patients and providers. Our agents handle clinical workflows and patient engagement across the entire journey: pre-visit intake, care navigation, post-visit care plans, patient monitoring, and more.</p><p style=\"min-height:1.5em\">We're fresh off our Series A backed by Tier 1 investors like Madrona, General Catalyst, and Optum Ventures. Our work is validated with leading academic medical institutions. Our agents have reached 3M+ patient encounters and are on track to 10x this year.</p><h1>About this role</h1><p style=\"min-height:1.5em\">The Applied AI Engineer role at Amigo is a launchpad. You'll ship production AI agents end-to-end \u00e2\u0080\u0094 writing the code, shaping product decisions, and sitting with customers as they deploy \u00e2\u0080\u0094 and in doing so, you'll build the exact skill set that opens doors to the next chapter of your career at Amigo.</p><p style=\"min-height:1.5em\"><strong>This role is designed to help you grow into other parts of the company.</strong> Applied AI Engineers move into one of four paths within 6\u00e2\u0080\u009312 months:</p><p style=\"min-height:1.5em\"></p><ul style=\"min-height:1.5em\"><li><p style=\"min-height:1.5em\"><strong>Applied AI</strong>: stay in the org; go deeper on agent architecture, verification frameworks, and the hardest customer problems; become a technical leader on the applied team</p></li><li><p style=\"min-height:1.5em\"><strong>Product Management</strong>: if you gravitate toward roadmap, discovery, and shaping what we build next</p></li><li><p style=\"min-height:1.5em\"><strong>Sales Engineering</strong>: if you thrive in pre-sales, technical storytelling, and closing enterprise deals</p></li><li><p style=\"min-height:1.5em\"><strong>Software Engineering</strong>: if you want to go deeper on platform, infrastructure, and core systems</p></li></ul><p style=\"min-height:1.5em\"></p><p style=\"min-height:1.5em\">You won't have to guess which fits. This role will actively help you explore each path, give you projects that stretch in those directions, and sponsor the internal transition when you're ready. People who want to stay on the applied side long-term can do that too \u00e2\u0080\u0094 but this role is explicitly built so you don't have to.</p><h1>What you'll do</h1><ul style=\"min-height:1.5em\"><li><p style=\"min-height:1.5em\">Implement context graphs that enable agents to select the right reasoning mode (lookup, pattern recognition, exploration) based on problem complexity</p></li><li><p style=\"min-height:1.5em\">Build and optimize agent configurations, including static personas, dynamic behaviors, and functional memory systems</p></li><li><p style=\"min-height:1.5em\">Design bounded Operational Patient Domains (OPDs) with explicit inclusions, exclusions, capabilities, and escalation rules</p></li><li><p style=\"min-height:1.5em\">Implement verification loops and simulation-based testing to validate agent performance against customer KPIs</p></li><li><p style=\"min-height:1.5em\">Write Python code for tool integrations and API orchestration within customer environments</p></li><li><p style=\"min-height:1.5em\">Build evaluation suites that gate deployments using customer-specific success metrics</p></li><li><p style=\"min-height:1.5em\">Collaborate with domain experts through structured interviews to capture reasoning patterns and clinical protocols</p></li><li><p style=\"min-height:1.5em\">Support technical power users through git-based workflows for rapid iteration</p></li><li><p style=\"min-height:1.5em\">Implement adversarial testing to systematically identify and prevent failure modes</p></li><li><p style=\"min-height:1.5em\">Ensure agents maintain audit-ready provenance with version pinning and evidence links</p></li><li><p style=\"min-height:1.5em\">Contribute to systematizing implementation patterns across different problem domains</p></li></ul><h1>What we're looking for</h1><ul style=\"min-height:1.5em\"><li><p style=\"min-height:1.5em\">2+ years of production software engineering experience</p></li><li><p style=\"min-height:1.5em\">Strong Python skills including proper use of typing, and experience building highly reliable systems that interact with external APIs (schema design, retry strategies, error propagation)</p></li><li><p style=\"min-height:1.5em\">Experience with LLMs, prompt engineering, and building on AI platforms</p></li><li><p style=\"min-height:1.5em\">Ability to implement systems with strict reliability requirements</p></li><li><p style=\"min-height:1.5em\">Understanding of testing and verification methodologies</p></li><li><p style=\"min-height:1.5em\">Experience working directly with customers or stakeholders to deliver technical solutions</p></li><li><p style=\"min-height:1.5em\">Familiarity with git workflows and collaborative development</p></li><li><p style=\"min-height:1.5em\">Strong debugging and problem-solving skills for complex systems</p></li><li><p style=\"min-height:1.5em\">Ability to balance theoretical concepts with practical implementation constraints</p></li><li><p style=\"min-height:1.5em\">Clear technical communication for both engineering and non-technical audiences</p></li></ul><h1>Nice to have</h1><ul style=\"min-height:1.5em\"><li><p style=\"min-height:1.5em\">Experience in regulated industries (healthcare, finance, legal)</p></li><li><p style=\"min-height:1.5em\">Background with simulation, synthetic data, or evaluation frameworks</p></li><li><p style=\"min-height:1.5em\">Understanding of distributed systems and service-oriented architectures</p></li><li><p style=\"min-height:1.5em\">Experience with observability and monitoring in production environments</p></li><li><p style=\"min-height:1.5em\">Familiarity with compliance requirements (HIPAA, SOC 2, GDPR) </p></li></ul><h1>Benefits</h1><p style=\"min-height:1.5em\"></p><h2>Health &amp; Wellness</h2><ul style=\"min-height:1.5em\"><li><p style=\"min-height:1.5em\">Comprehensive health, dental, and vision insurance</p></li><li><p style=\"min-height:1.5em\">Daily catered lunch and dinner</p></li><li><p style=\"min-height:1.5em\">Mental health support and wellness coaching</p></li><li><p style=\"min-height:1.5em\">Flexible wellness stipend for fitness, therapy, or personal growth</p></li></ul><h2>Growth &amp; Development</h2><ul style=\"min-height:1.5em\"><li><p style=\"min-height:1.5em\">Annual learning budget for courses, books, or conferences</p></li><li><p style=\"min-height:1.5em\">Conference attendance budget for professional development</p></li><li><p style=\"min-height:1.5em\">Annual team offsite</p></li><li><p style=\"min-height:1.5em\">Academic collaboration opportunities</p></li><li><p style=\"min-height:1.5em\">Unlimited PTO</p></li></ul><p style=\"min-height:1.5em\"></p><h1>Our Core Values</h1><ol style=\"min-height:1.5em\"><li><p style=\"min-height:1.5em\"><strong>Patients Win, We Win</strong></p><p style=\"min-height:1.5em\">If patients aren't getting better care, we haven't earned the right to scale. Every internal decision gets pressure-tested: does this make patients' lives better? If we can't draw the line, we question why we're doing it.</p></li><li><p style=\"min-height:1.5em\"><strong>High Standards, High Care</strong></p><p style=\"min-height:1.5em\">We hold a high bar for the team because patients are counting on us to get this right. But high standards only work with genuine investment in each other. You can take risks, admit mistakes, and challenge ideas\u00e2\u0080\u0094not despite our standards, but because of them.</p></li><li><p style=\"min-height:1.5em\"><strong>Thoughtful Urgency</strong></p><p style=\"min-height:1.5em\">We move fast by default, but speed without judgment is recklessness. The discipline is knowing which decisions are reversible vs. not. In healthcare AI, the companies that win will be fast everywhere they can be and careful everywhere they must be. We build the muscle to do both.</p></li><li><p style=\"min-height:1.5em\"><strong>Intensely Measured</strong></p><p style=\"min-height:1.5em\">We instrument patient outcomes, provider ROI, system performance, and clinical accuracy. But data without action is surveillance. Every metric should have an owner, a threshold, and a response plan. If we're measuring something but never acting on it, we stop measuring it.</p><p style=\"min-height:1.5em\"></p></li></ol><h1>Who Builds With Us</h1><ul style=\"min-height:1.5em\"><li><p style=\"min-height:1.5em\"><strong>Low ego: </strong>Politics and territory don't interest you. The best ideas win, regardless of who has them.</p></li><li><p style=\"min-height:1.5em\"><strong>Direct: </strong>You say the hard thing, challenge ideas openly, and commit fully once decided.</p></li><li><p style=\"min-height:1.5em\"><strong>High agency: </strong>You thrive on trust rather than instruction. When you see something is broken, you fix it. You don\u00e2\u0080\u0099t file tickets and wait for someone else.</p></li><li><p style=\"min-height:1.5em\"><strong>Bar of excellence: </strong>You hold yourself to a bar most people wouldn't, and you want teammates who do the same.</p></li><li><p style=\"min-height:1.5em\"><strong>Skeptical: </strong>You push back on rules that don\u00e2\u0080\u0099t make sense and question assumptions that haven\u00e2\u0080\u0099t earned their place.</p></li></ul><br/><br/>Please mention the word **READABLE** and tag RMTk3LjE1Ni43MS42NQ== when applying to show you read the job post completely (#RMTk3LjE1Ni43MS42NQ==). This is a beta feature to avoid spam applicants. Companies can search these words to find applicants that read this and see they're human.",
  "location": "Amsterdam",
  "apply_url": "https://remoteOK.com/remote-jobs/remote-applied-ai-engineer-europe-amigo-1131296",
  "salary_min": 0,
  "salary_max": 0,
  "logo": "",
  "url": "https://remoteOK.com/remote-jobs/remote-applied-ai-engineer-europe-amigo-1131296"
}
  [5/6] Checking leadership changes...
  [6/6] Scoring AI maturity...

  Brief saved to: outputs/hiring_signal_brief_malformedtest.json
  Segment: abstain (confidence: 0.4)
  AI Maturity: 0/3
  Leadership detected: True (method: google_news_rss, confidence: medium)
  Signal confidence summary: {'crunchbase_firmographics': 'low', 'funding_event': 'medium', 'layoff_event': 'low', 'leadership_change': 'medium', 'hiring_velocity': 'low', 'ai_maturity': 'low', 'overall_brief_confidence': 'medium'}
  Honesty flags: ['weak_hiring_velocity_signal', 'weak_ai_maturity_signal', 'tech_stack_inferred_not_confirmed']

── Probe 6.3 [Cost Pathology] ──
  Hypothesis: Malformed mock_signals type
  Expected:   Should raise TypeError
  Actual:     Accepted silently: abstain
  Status:     ❌ FAIL (severity: MEDIUM)

Running enrichment pipeline for: CoordTest
  [1/6] Looking up Crunchbase data...
  Company 'CoordTest' not in ODM sample - using mock data
  [2/6] Checking funding events...
  [3/6] Checking layoffs.fyi...
layoffs.csv not found - returning no layoff signal
  [4/6] Fetching job posts...
Fetching jobs from RemoteOK...
Total jobs fetched: 99
Sample job structure:
{
  "slug": "remote-applied-ai-engineer-europe-amigo-1131296",
  "id": "1131296",
  "epoch": 1776960017,
  "date": "2026-04-23T16:00:17+00:00",
  "company": "Amigo",
  "company_logo": "",
  "position": "Applied AI Engineer Europe",
  "tags": [
    "system",
    "python",
    "technical",
    "support",
    "software",
    "testing",
    "code",
    "investment",
    "git",
    "api",
    "leader",
    "operational",
    "reliability",
    "go",
    "health",
    "healthcare",
    "engineer",
    "engineering"
  ],
  "description": "<h1>About Amigo</h1><p style=\"min-height:1.5em\">Amigo partners with healthcare organizations to deploy robust AI infrastructure that directly serves patients and providers. Our agents handle clinical workflows and patient engagement across the entire journey: pre-visit intake, care navigation, post-visit care plans, patient monitoring, and more.</p><p style=\"min-height:1.5em\">We're fresh off our Series A backed by Tier 1 investors like Madrona, General Catalyst, and Optum Ventures. Our work is validated with leading academic medical institutions. Our agents have reached 3M+ patient encounters and are on track to 10x this year.</p><h1>About this role</h1><p style=\"min-height:1.5em\">The Applied AI Engineer role at Amigo is a launchpad. You'll ship production AI agents end-to-end \u00e2\u0080\u0094 writing the code, shaping product decisions, and sitting with customers as they deploy \u00e2\u0080\u0094 and in doing so, you'll build the exact skill set that opens doors to the next chapter of your career at Amigo.</p><p style=\"min-height:1.5em\"><strong>This role is designed to help you grow into other parts of the company.</strong> Applied AI Engineers move into one of four paths within 6\u00e2\u0080\u009312 months:</p><p style=\"min-height:1.5em\"></p><ul style=\"min-height:1.5em\"><li><p style=\"min-height:1.5em\"><strong>Applied AI</strong>: stay in the org; go deeper on agent architecture, verification frameworks, and the hardest customer problems; become a technical leader on the applied team</p></li><li><p style=\"min-height:1.5em\"><strong>Product Management</strong>: if you gravitate toward roadmap, discovery, and shaping what we build next</p></li><li><p style=\"min-height:1.5em\"><strong>Sales Engineering</strong>: if you thrive in pre-sales, technical storytelling, and closing enterprise deals</p></li><li><p style=\"min-height:1.5em\"><strong>Software Engineering</strong>: if you want to go deeper on platform, infrastructure, and core systems</p></li></ul><p style=\"min-height:1.5em\"></p><p style=\"min-height:1.5em\">You won't have to guess which fits. This role will actively help you explore each path, give you projects that stretch in those directions, and sponsor the internal transition when you're ready. People who want to stay on the applied side long-term can do that too \u00e2\u0080\u0094 but this role is explicitly built so you don't have to.</p><h1>What you'll do</h1><ul style=\"min-height:1.5em\"><li><p style=\"min-height:1.5em\">Implement context graphs that enable agents to select the right reasoning mode (lookup, pattern recognition, exploration) based on problem complexity</p></li><li><p style=\"min-height:1.5em\">Build and optimize agent configurations, including static personas, dynamic behaviors, and functional memory systems</p></li><li><p style=\"min-height:1.5em\">Design bounded Operational Patient Domains (OPDs) with explicit inclusions, exclusions, capabilities, and escalation rules</p></li><li><p style=\"min-height:1.5em\">Implement verification loops and simulation-based testing to validate agent performance against customer KPIs</p></li><li><p style=\"min-height:1.5em\">Write Python code for tool integrations and API orchestration within customer environments</p></li><li><p style=\"min-height:1.5em\">Build evaluation suites that gate deployments using customer-specific success metrics</p></li><li><p style=\"min-height:1.5em\">Collaborate with domain experts through structured interviews to capture reasoning patterns and clinical protocols</p></li><li><p style=\"min-height:1.5em\">Support technical power users through git-based workflows for rapid iteration</p></li><li><p style=\"min-height:1.5em\">Implement adversarial testing to systematically identify and prevent failure modes</p></li><li><p style=\"min-height:1.5em\">Ensure agents maintain audit-ready provenance with version pinning and evidence links</p></li><li><p style=\"min-height:1.5em\">Contribute to systematizing implementation patterns across different problem domains</p></li></ul><h1>What we're looking for</h1><ul style=\"min-height:1.5em\"><li><p style=\"min-height:1.5em\">2+ years of production software engineering experience</p></li><li><p style=\"min-height:1.5em\">Strong Python skills including proper use of typing, and experience building highly reliable systems that interact with external APIs (schema design, retry strategies, error propagation)</p></li><li><p style=\"min-height:1.5em\">Experience with LLMs, prompt engineering, and building on AI platforms</p></li><li><p style=\"min-height:1.5em\">Ability to implement systems with strict reliability requirements</p></li><li><p style=\"min-height:1.5em\">Understanding of testing and verification methodologies</p></li><li><p style=\"min-height:1.5em\">Experience working directly with customers or stakeholders to deliver technical solutions</p></li><li><p style=\"min-height:1.5em\">Familiarity with git workflows and collaborative development</p></li><li><p style=\"min-height:1.5em\">Strong debugging and problem-solving skills for complex systems</p></li><li><p style=\"min-height:1.5em\">Ability to balance theoretical concepts with practical implementation constraints</p></li><li><p style=\"min-height:1.5em\">Clear technical communication for both engineering and non-technical audiences</p></li></ul><h1>Nice to have</h1><ul style=\"min-height:1.5em\"><li><p style=\"min-height:1.5em\">Experience in regulated industries (healthcare, finance, legal)</p></li><li><p style=\"min-height:1.5em\">Background with simulation, synthetic data, or evaluation frameworks</p></li><li><p style=\"min-height:1.5em\">Understanding of distributed systems and service-oriented architectures</p></li><li><p style=\"min-height:1.5em\">Experience with observability and monitoring in production environments</p></li><li><p style=\"min-height:1.5em\">Familiarity with compliance requirements (HIPAA, SOC 2, GDPR) </p></li></ul><h1>Benefits</h1><p style=\"min-height:1.5em\"></p><h2>Health &amp; Wellness</h2><ul style=\"min-height:1.5em\"><li><p style=\"min-height:1.5em\">Comprehensive health, dental, and vision insurance</p></li><li><p style=\"min-height:1.5em\">Daily catered lunch and dinner</p></li><li><p style=\"min-height:1.5em\">Mental health support and wellness coaching</p></li><li><p style=\"min-height:1.5em\">Flexible wellness stipend for fitness, therapy, or personal growth</p></li></ul><h2>Growth &amp; Development</h2><ul style=\"min-height:1.5em\"><li><p style=\"min-height:1.5em\">Annual learning budget for courses, books, or conferences</p></li><li><p style=\"min-height:1.5em\">Conference attendance budget for professional development</p></li><li><p style=\"min-height:1.5em\">Annual team offsite</p></li><li><p style=\"min-height:1.5em\">Academic collaboration opportunities</p></li><li><p style=\"min-height:1.5em\">Unlimited PTO</p></li></ul><p style=\"min-height:1.5em\"></p><h1>Our Core Values</h1><ol style=\"min-height:1.5em\"><li><p style=\"min-height:1.5em\"><strong>Patients Win, We Win</strong></p><p style=\"min-height:1.5em\">If patients aren't getting better care, we haven't earned the right to scale. Every internal decision gets pressure-tested: does this make patients' lives better? If we can't draw the line, we question why we're doing it.</p></li><li><p style=\"min-height:1.5em\"><strong>High Standards, High Care</strong></p><p style=\"min-height:1.5em\">We hold a high bar for the team because patients are counting on us to get this right. But high standards only work with genuine investment in each other. You can take risks, admit mistakes, and challenge ideas\u00e2\u0080\u0094not despite our standards, but because of them.</p></li><li><p style=\"min-height:1.5em\"><strong>Thoughtful Urgency</strong></p><p style=\"min-height:1.5em\">We move fast by default, but speed without judgment is recklessness. The discipline is knowing which decisions are reversible vs. not. In healthcare AI, the companies that win will be fast everywhere they can be and careful everywhere they must be. We build the muscle to do both.</p></li><li><p style=\"min-height:1.5em\"><strong>Intensely Measured</strong></p><p style=\"min-height:1.5em\">We instrument patient outcomes, provider ROI, system performance, and clinical accuracy. But data without action is surveillance. Every metric should have an owner, a threshold, and a response plan. If we're measuring something but never acting on it, we stop measuring it.</p><p style=\"min-height:1.5em\"></p></li></ol><h1>Who Builds With Us</h1><ul style=\"min-height:1.5em\"><li><p style=\"min-height:1.5em\"><strong>Low ego: </strong>Politics and territory don't interest you. The best ideas win, regardless of who has them.</p></li><li><p style=\"min-height:1.5em\"><strong>Direct: </strong>You say the hard thing, challenge ideas openly, and commit fully once decided.</p></li><li><p style=\"min-height:1.5em\"><strong>High agency: </strong>You thrive on trust rather than instruction. When you see something is broken, you fix it. You don\u00e2\u0080\u0099t file tickets and wait for someone else.</p></li><li><p style=\"min-height:1.5em\"><strong>Bar of excellence: </strong>You hold yourself to a bar most people wouldn't, and you want teammates who do the same.</p></li><li><p style=\"min-height:1.5em\"><strong>Skeptical: </strong>You push back on rules that don\u00e2\u0080\u0099t make sense and question assumptions that haven\u00e2\u0080\u0099t earned their place.</p></li></ul><br/><br/>Please mention the word **READABLE** and tag RMTk3LjE1Ni43MS42NQ== when applying to show you read the job post completely (#RMTk3LjE1Ni43MS42NQ==). This is a beta feature to avoid spam applicants. Companies can search these words to find applicants that read this and see they're human.",
  "location": "Amsterdam",
  "apply_url": "https://remoteOK.com/remote-jobs/remote-applied-ai-engineer-europe-amigo-1131296",
  "salary_min": 0,
  "salary_max": 0,
  "logo": "",
  "url": "https://remoteOK.com/remote-jobs/remote-applied-ai-engineer-europe-amigo-1131296"
}
  [5/6] Checking leadership changes...
  [6/6] Scoring AI maturity...

  Brief saved to: outputs/hiring_signal_brief_coordtest.json
  Segment: abstain (confidence: 0.4)
  AI Maturity: 0/3
  Leadership detected: True (method: google_news_rss, confidence: medium)
  Signal confidence summary: {'crunchbase_firmographics': 'low', 'funding_event': 'medium', 'layoff_event': 'low', 'leadership_change': 'medium', 'hiring_velocity': 'low', 'ai_maturity': 'low', 'overall_brief_confidence': 'medium'}
  Honesty flags: ['weak_hiring_velocity_signal', 'weak_ai_maturity_signal', 'tech_stack_inferred_not_confirmed']

── Probe 7.1 [Dual Control] ──
  Hypothesis: Pipeline works without mock_signals (live path)
  Expected:   Returns valid brief with real data
  Actual:     segment=abstain, ai_score=0
  Status:     ✅ PASS (severity: n/a)

Running enrichment pipeline for: PartialMock
  [1/6] Looking up Crunchbase data...
  Company 'PartialMock' not in ODM sample - using mock data
  [2/6] Checking funding events...
  [3/6] Checking layoffs.fyi...
layoffs.csv not found - returning no layoff signal
  [4/6] Fetching job posts...
Fetching jobs from RemoteOK...
Total jobs fetched: 99
Sample job structure:
{
  "slug": "remote-applied-ai-engineer-europe-amigo-1131296",
  "id": "1131296",
  "epoch": 1776960017,
  "date": "2026-04-23T16:00:17+00:00",
  "company": "Amigo",
  "company_logo": "",
  "position": "Applied AI Engineer Europe",
  "tags": [
    "system",
    "python",
    "technical",
    "support",
    "software",
    "testing",
    "code",
    "investment",
    "git",
    "api",
    "leader",
    "operational",
    "reliability",
    "go",
    "health",
    "healthcare",
    "engineer",
    "engineering"
  ],
  "description": "<h1>About Amigo</h1><p style=\"min-height:1.5em\">Amigo partners with healthcare organizations to deploy robust AI infrastructure that directly serves patients and providers. Our agents handle clinical workflows and patient engagement across the entire journey: pre-visit intake, care navigation, post-visit care plans, patient monitoring, and more.</p><p style=\"min-height:1.5em\">We're fresh off our Series A backed by Tier 1 investors like Madrona, General Catalyst, and Optum Ventures. Our work is validated with leading academic medical institutions. Our agents have reached 3M+ patient encounters and are on track to 10x this year.</p><h1>About this role</h1><p style=\"min-height:1.5em\">The Applied AI Engineer role at Amigo is a launchpad. You'll ship production AI agents end-to-end \u00e2\u0080\u0094 writing the code, shaping product decisions, and sitting with customers as they deploy \u00e2\u0080\u0094 and in doing so, you'll build the exact skill set that opens doors to the next chapter of your career at Amigo.</p><p style=\"min-height:1.5em\"><strong>This role is designed to help you grow into other parts of the company.</strong> Applied AI Engineers move into one of four paths within 6\u00e2\u0080\u009312 months:</p><p style=\"min-height:1.5em\"></p><ul style=\"min-height:1.5em\"><li><p style=\"min-height:1.5em\"><strong>Applied AI</strong>: stay in the org; go deeper on agent architecture, verification frameworks, and the hardest customer problems; become a technical leader on the applied team</p></li><li><p style=\"min-height:1.5em\"><strong>Product Management</strong>: if you gravitate toward roadmap, discovery, and shaping what we build next</p></li><li><p style=\"min-height:1.5em\"><strong>Sales Engineering</strong>: if you thrive in pre-sales, technical storytelling, and closing enterprise deals</p></li><li><p style=\"min-height:1.5em\"><strong>Software Engineering</strong>: if you want to go deeper on platform, infrastructure, and core systems</p></li></ul><p style=\"min-height:1.5em\"></p><p style=\"min-height:1.5em\">You won't have to guess which fits. This role will actively help you explore each path, give you projects that stretch in those directions, and sponsor the internal transition when you're ready. People who want to stay on the applied side long-term can do that too \u00e2\u0080\u0094 but this role is explicitly built so you don't have to.</p><h1>What you'll do</h1><ul style=\"min-height:1.5em\"><li><p style=\"min-height:1.5em\">Implement context graphs that enable agents to select the right reasoning mode (lookup, pattern recognition, exploration) based on problem complexity</p></li><li><p style=\"min-height:1.5em\">Build and optimize agent configurations, including static personas, dynamic behaviors, and functional memory systems</p></li><li><p style=\"min-height:1.5em\">Design bounded Operational Patient Domains (OPDs) with explicit inclusions, exclusions, capabilities, and escalation rules</p></li><li><p style=\"min-height:1.5em\">Implement verification loops and simulation-based testing to validate agent performance against customer KPIs</p></li><li><p style=\"min-height:1.5em\">Write Python code for tool integrations and API orchestration within customer environments</p></li><li><p style=\"min-height:1.5em\">Build evaluation suites that gate deployments using customer-specific success metrics</p></li><li><p style=\"min-height:1.5em\">Collaborate with domain experts through structured interviews to capture reasoning patterns and clinical protocols</p></li><li><p style=\"min-height:1.5em\">Support technical power users through git-based workflows for rapid iteration</p></li><li><p style=\"min-height:1.5em\">Implement adversarial testing to systematically identify and prevent failure modes</p></li><li><p style=\"min-height:1.5em\">Ensure agents maintain audit-ready provenance with version pinning and evidence links</p></li><li><p style=\"min-height:1.5em\">Contribute to systematizing implementation patterns across different problem domains</p></li></ul><h1>What we're looking for</h1><ul style=\"min-height:1.5em\"><li><p style=\"min-height:1.5em\">2+ years of production software engineering experience</p></li><li><p style=\"min-height:1.5em\">Strong Python skills including proper use of typing, and experience building highly reliable systems that interact with external APIs (schema design, retry strategies, error propagation)</p></li><li><p style=\"min-height:1.5em\">Experience with LLMs, prompt engineering, and building on AI platforms</p></li><li><p style=\"min-height:1.5em\">Ability to implement systems with strict reliability requirements</p></li><li><p style=\"min-height:1.5em\">Understanding of testing and verification methodologies</p></li><li><p style=\"min-height:1.5em\">Experience working directly with customers or stakeholders to deliver technical solutions</p></li><li><p style=\"min-height:1.5em\">Familiarity with git workflows and collaborative development</p></li><li><p style=\"min-height:1.5em\">Strong debugging and problem-solving skills for complex systems</p></li><li><p style=\"min-height:1.5em\">Ability to balance theoretical concepts with practical implementation constraints</p></li><li><p style=\"min-height:1.5em\">Clear technical communication for both engineering and non-technical audiences</p></li></ul><h1>Nice to have</h1><ul style=\"min-height:1.5em\"><li><p style=\"min-height:1.5em\">Experience in regulated industries (healthcare, finance, legal)</p></li><li><p style=\"min-height:1.5em\">Background with simulation, synthetic data, or evaluation frameworks</p></li><li><p style=\"min-height:1.5em\">Understanding of distributed systems and service-oriented architectures</p></li><li><p style=\"min-height:1.5em\">Experience with observability and monitoring in production environments</p></li><li><p style=\"min-height:1.5em\">Familiarity with compliance requirements (HIPAA, SOC 2, GDPR) </p></li></ul><h1>Benefits</h1><p style=\"min-height:1.5em\"></p><h2>Health &amp; Wellness</h2><ul style=\"min-height:1.5em\"><li><p style=\"min-height:1.5em\">Comprehensive health, dental, and vision insurance</p></li><li><p style=\"min-height:1.5em\">Daily catered lunch and dinner</p></li><li><p style=\"min-height:1.5em\">Mental health support and wellness coaching</p></li><li><p style=\"min-height:1.5em\">Flexible wellness stipend for fitness, therapy, or personal growth</p></li></ul><h2>Growth &amp; Development</h2><ul style=\"min-height:1.5em\"><li><p style=\"min-height:1.5em\">Annual learning budget for courses, books, or conferences</p></li><li><p style=\"min-height:1.5em\">Conference attendance budget for professional development</p></li><li><p style=\"min-height:1.5em\">Annual team offsite</p></li><li><p style=\"min-height:1.5em\">Academic collaboration opportunities</p></li><li><p style=\"min-height:1.5em\">Unlimited PTO</p></li></ul><p style=\"min-height:1.5em\"></p><h1>Our Core Values</h1><ol style=\"min-height:1.5em\"><li><p style=\"min-height:1.5em\"><strong>Patients Win, We Win</strong></p><p style=\"min-height:1.5em\">If patients aren't getting better care, we haven't earned the right to scale. Every internal decision gets pressure-tested: does this make patients' lives better? If we can't draw the line, we question why we're doing it.</p></li><li><p style=\"min-height:1.5em\"><strong>High Standards, High Care</strong></p><p style=\"min-height:1.5em\">We hold a high bar for the team because patients are counting on us to get this right. But high standards only work with genuine investment in each other. You can take risks, admit mistakes, and challenge ideas\u00e2\u0080\u0094not despite our standards, but because of them.</p></li><li><p style=\"min-height:1.5em\"><strong>Thoughtful Urgency</strong></p><p style=\"min-height:1.5em\">We move fast by default, but speed without judgment is recklessness. The discipline is knowing which decisions are reversible vs. not. In healthcare AI, the companies that win will be fast everywhere they can be and careful everywhere they must be. We build the muscle to do both.</p></li><li><p style=\"min-height:1.5em\"><strong>Intensely Measured</strong></p><p style=\"min-height:1.5em\">We instrument patient outcomes, provider ROI, system performance, and clinical accuracy. But data without action is surveillance. Every metric should have an owner, a threshold, and a response plan. If we're measuring something but never acting on it, we stop measuring it.</p><p style=\"min-height:1.5em\"></p></li></ol><h1>Who Builds With Us</h1><ul style=\"min-height:1.5em\"><li><p style=\"min-height:1.5em\"><strong>Low ego: </strong>Politics and territory don't interest you. The best ideas win, regardless of who has them.</p></li><li><p style=\"min-height:1.5em\"><strong>Direct: </strong>You say the hard thing, challenge ideas openly, and commit fully once decided.</p></li><li><p style=\"min-height:1.5em\"><strong>High agency: </strong>You thrive on trust rather than instruction. When you see something is broken, you fix it. You don\u00e2\u0080\u0099t file tickets and wait for someone else.</p></li><li><p style=\"min-height:1.5em\"><strong>Bar of excellence: </strong>You hold yourself to a bar most people wouldn't, and you want teammates who do the same.</p></li><li><p style=\"min-height:1.5em\"><strong>Skeptical: </strong>You push back on rules that don\u00e2\u0080\u0099t make sense and question assumptions that haven\u00e2\u0080\u0099t earned their place.</p></li></ul><br/><br/>Please mention the word **READABLE** and tag RMTk3LjE1Ni43MS42NQ== when applying to show you read the job post completely (#RMTk3LjE1Ni43MS42NQ==). This is a beta feature to avoid spam applicants. Companies can search these words to find applicants that read this and see they're human.",
  "location": "Amsterdam",
  "apply_url": "https://remoteOK.com/remote-jobs/remote-applied-ai-engineer-europe-amigo-1131296",
  "salary_min": 0,
  "salary_max": 0,
  "logo": "",
  "url": "https://remoteOK.com/remote-jobs/remote-applied-ai-engineer-europe-amigo-1131296"
}
  [5/6] Checking leadership changes...
  [6/6] Scoring AI maturity...

  Brief saved to: outputs/hiring_signal_brief_partialmock.json
  Segment: abstain (confidence: 0.4)
  AI Maturity: 1/3
  Leadership detected: True (method: google_news_rss, confidence: medium)
  Signal confidence summary: {'crunchbase_firmographics': 'low', 'funding_event': 'medium', 'layoff_event': 'low', 'leadership_change': 'medium', 'hiring_velocity': 'low', 'ai_maturity': 'low', 'overall_brief_confidence': 'medium'}
  Honesty flags: ['weak_hiring_velocity_signal', 'weak_ai_maturity_signal', 'tech_stack_inferred_not_confirmed']

── Probe 7.2 [Dual Control] ──
  Hypothesis: Partial mock_signals works (only ai_signals, no leadership)
  Expected:   Leadership defaults to real detection
  Actual:     leadership_method=google_news_rss
  Status:     ✅ PASS (severity: n/a)

Running enrichment pipeline for: TimezoneTest
  [1/6] Looking up Crunchbase data...
  Company 'TimezoneTest' not in ODM sample - using mock data
  [2/6] Checking funding events...
  [3/6] Checking layoffs.fyi...
layoffs.csv not found - returning no layoff signal
  [4/6] Fetching job posts...
Fetching jobs from RemoteOK...
Total jobs fetched: 99
Sample job structure:
{
  "slug": "remote-applied-ai-engineer-europe-amigo-1131296",
  "id": "1131296",
  "epoch": 1776960017,
  "date": "2026-04-23T16:00:17+00:00",
  "company": "Amigo",
  "company_logo": "",
  "position": "Applied AI Engineer Europe",
  "tags": [
    "system",
    "python",
    "technical",
    "support",
    "software",
    "testing",
    "code",
    "investment",
    "git",
    "api",
    "leader",
    "operational",
    "reliability",
    "go",
    "health",
    "healthcare",
    "engineer",
    "engineering"
  ],
  "description": "<h1>About Amigo</h1><p style=\"min-height:1.5em\">Amigo partners with healthcare organizations to deploy robust AI infrastructure that directly serves patients and providers. Our agents handle clinical workflows and patient engagement across the entire journey: pre-visit intake, care navigation, post-visit care plans, patient monitoring, and more.</p><p style=\"min-height:1.5em\">We're fresh off our Series A backed by Tier 1 investors like Madrona, General Catalyst, and Optum Ventures. Our work is validated with leading academic medical institutions. Our agents have reached 3M+ patient encounters and are on track to 10x this year.</p><h1>About this role</h1><p style=\"min-height:1.5em\">The Applied AI Engineer role at Amigo is a launchpad. You'll ship production AI agents end-to-end \u00e2\u0080\u0094 writing the code, shaping product decisions, and sitting with customers as they deploy \u00e2\u0080\u0094 and in doing so, you'll build the exact skill set that opens doors to the next chapter of your career at Amigo.</p><p style=\"min-height:1.5em\"><strong>This role is designed to help you grow into other parts of the company.</strong> Applied AI Engineers move into one of four paths within 6\u00e2\u0080\u009312 months:</p><p style=\"min-height:1.5em\"></p><ul style=\"min-height:1.5em\"><li><p style=\"min-height:1.5em\"><strong>Applied AI</strong>: stay in the org; go deeper on agent architecture, verification frameworks, and the hardest customer problems; become a technical leader on the applied team</p></li><li><p style=\"min-height:1.5em\"><strong>Product Management</strong>: if you gravitate toward roadmap, discovery, and shaping what we build next</p></li><li><p style=\"min-height:1.5em\"><strong>Sales Engineering</strong>: if you thrive in pre-sales, technical storytelling, and closing enterprise deals</p></li><li><p style=\"min-height:1.5em\"><strong>Software Engineering</strong>: if you want to go deeper on platform, infrastructure, and core systems</p></li></ul><p style=\"min-height:1.5em\"></p><p style=\"min-height:1.5em\">You won't have to guess which fits. This role will actively help you explore each path, give you projects that stretch in those directions, and sponsor the internal transition when you're ready. People who want to stay on the applied side long-term can do that too \u00e2\u0080\u0094 but this role is explicitly built so you don't have to.</p><h1>What you'll do</h1><ul style=\"min-height:1.5em\"><li><p style=\"min-height:1.5em\">Implement context graphs that enable agents to select the right reasoning mode (lookup, pattern recognition, exploration) based on problem complexity</p></li><li><p style=\"min-height:1.5em\">Build and optimize agent configurations, including static personas, dynamic behaviors, and functional memory systems</p></li><li><p style=\"min-height:1.5em\">Design bounded Operational Patient Domains (OPDs) with explicit inclusions, exclusions, capabilities, and escalation rules</p></li><li><p style=\"min-height:1.5em\">Implement verification loops and simulation-based testing to validate agent performance against customer KPIs</p></li><li><p style=\"min-height:1.5em\">Write Python code for tool integrations and API orchestration within customer environments</p></li><li><p style=\"min-height:1.5em\">Build evaluation suites that gate deployments using customer-specific success metrics</p></li><li><p style=\"min-height:1.5em\">Collaborate with domain experts through structured interviews to capture reasoning patterns and clinical protocols</p></li><li><p style=\"min-height:1.5em\">Support technical power users through git-based workflows for rapid iteration</p></li><li><p style=\"min-height:1.5em\">Implement adversarial testing to systematically identify and prevent failure modes</p></li><li><p style=\"min-height:1.5em\">Ensure agents maintain audit-ready provenance with version pinning and evidence links</p></li><li><p style=\"min-height:1.5em\">Contribute to systematizing implementation patterns across different problem domains</p></li></ul><h1>What we're looking for</h1><ul style=\"min-height:1.5em\"><li><p style=\"min-height:1.5em\">2+ years of production software engineering experience</p></li><li><p style=\"min-height:1.5em\">Strong Python skills including proper use of typing, and experience building highly reliable systems that interact with external APIs (schema design, retry strategies, error propagation)</p></li><li><p style=\"min-height:1.5em\">Experience with LLMs, prompt engineering, and building on AI platforms</p></li><li><p style=\"min-height:1.5em\">Ability to implement systems with strict reliability requirements</p></li><li><p style=\"min-height:1.5em\">Understanding of testing and verification methodologies</p></li><li><p style=\"min-height:1.5em\">Experience working directly with customers or stakeholders to deliver technical solutions</p></li><li><p style=\"min-height:1.5em\">Familiarity with git workflows and collaborative development</p></li><li><p style=\"min-height:1.5em\">Strong debugging and problem-solving skills for complex systems</p></li><li><p style=\"min-height:1.5em\">Ability to balance theoretical concepts with practical implementation constraints</p></li><li><p style=\"min-height:1.5em\">Clear technical communication for both engineering and non-technical audiences</p></li></ul><h1>Nice to have</h1><ul style=\"min-height:1.5em\"><li><p style=\"min-height:1.5em\">Experience in regulated industries (healthcare, finance, legal)</p></li><li><p style=\"min-height:1.5em\">Background with simulation, synthetic data, or evaluation frameworks</p></li><li><p style=\"min-height:1.5em\">Understanding of distributed systems and service-oriented architectures</p></li><li><p style=\"min-height:1.5em\">Experience with observability and monitoring in production environments</p></li><li><p style=\"min-height:1.5em\">Familiarity with compliance requirements (HIPAA, SOC 2, GDPR) </p></li></ul><h1>Benefits</h1><p style=\"min-height:1.5em\"></p><h2>Health &amp; Wellness</h2><ul style=\"min-height:1.5em\"><li><p style=\"min-height:1.5em\">Comprehensive health, dental, and vision insurance</p></li><li><p style=\"min-height:1.5em\">Daily catered lunch and dinner</p></li><li><p style=\"min-height:1.5em\">Mental health support and wellness coaching</p></li><li><p style=\"min-height:1.5em\">Flexible wellness stipend for fitness, therapy, or personal growth</p></li></ul><h2>Growth &amp; Development</h2><ul style=\"min-height:1.5em\"><li><p style=\"min-height:1.5em\">Annual learning budget for courses, books, or conferences</p></li><li><p style=\"min-height:1.5em\">Conference attendance budget for professional development</p></li><li><p style=\"min-height:1.5em\">Annual team offsite</p></li><li><p style=\"min-height:1.5em\">Academic collaboration opportunities</p></li><li><p style=\"min-height:1.5em\">Unlimited PTO</p></li></ul><p style=\"min-height:1.5em\"></p><h1>Our Core Values</h1><ol style=\"min-height:1.5em\"><li><p style=\"min-height:1.5em\"><strong>Patients Win, We Win</strong></p><p style=\"min-height:1.5em\">If patients aren't getting better care, we haven't earned the right to scale. Every internal decision gets pressure-tested: does this make patients' lives better? If we can't draw the line, we question why we're doing it.</p></li><li><p style=\"min-height:1.5em\"><strong>High Standards, High Care</strong></p><p style=\"min-height:1.5em\">We hold a high bar for the team because patients are counting on us to get this right. But high standards only work with genuine investment in each other. You can take risks, admit mistakes, and challenge ideas\u00e2\u0080\u0094not despite our standards, but because of them.</p></li><li><p style=\"min-height:1.5em\"><strong>Thoughtful Urgency</strong></p><p style=\"min-height:1.5em\">We move fast by default, but speed without judgment is recklessness. The discipline is knowing which decisions are reversible vs. not. In healthcare AI, the companies that win will be fast everywhere they can be and careful everywhere they must be. We build the muscle to do both.</p></li><li><p style=\"min-height:1.5em\"><strong>Intensely Measured</strong></p><p style=\"min-height:1.5em\">We instrument patient outcomes, provider ROI, system performance, and clinical accuracy. But data without action is surveillance. Every metric should have an owner, a threshold, and a response plan. If we're measuring something but never acting on it, we stop measuring it.</p><p style=\"min-height:1.5em\"></p></li></ol><h1>Who Builds With Us</h1><ul style=\"min-height:1.5em\"><li><p style=\"min-height:1.5em\"><strong>Low ego: </strong>Politics and territory don't interest you. The best ideas win, regardless of who has them.</p></li><li><p style=\"min-height:1.5em\"><strong>Direct: </strong>You say the hard thing, challenge ideas openly, and commit fully once decided.</p></li><li><p style=\"min-height:1.5em\"><strong>High agency: </strong>You thrive on trust rather than instruction. When you see something is broken, you fix it. You don\u00e2\u0080\u0099t file tickets and wait for someone else.</p></li><li><p style=\"min-height:1.5em\"><strong>Bar of excellence: </strong>You hold yourself to a bar most people wouldn't, and you want teammates who do the same.</p></li><li><p style=\"min-height:1.5em\"><strong>Skeptical: </strong>You push back on rules that don\u00e2\u0080\u0099t make sense and question assumptions that haven\u00e2\u0080\u0099t earned their place.</p></li></ul><br/><br/>Please mention the word **READABLE** and tag RMTk3LjE1Ni43MS42NQ== when applying to show you read the job post completely (#RMTk3LjE1Ni43MS42NQ==). This is a beta feature to avoid spam applicants. Companies can search these words to find applicants that read this and see they're human.",
  "location": "Amsterdam",
  "apply_url": "https://remoteOK.com/remote-jobs/remote-applied-ai-engineer-europe-amigo-1131296",
  "salary_min": 0,
  "salary_max": 0,
  "logo": "",
  "url": "https://remoteOK.com/remote-jobs/remote-applied-ai-engineer-europe-amigo-1131296"
}
  [5/6] Checking leadership changes...
  [6/6] Scoring AI maturity...

  Brief saved to: outputs/hiring_signal_brief_timezonetest.json
  Segment: abstain (confidence: 0.4)
  AI Maturity: 1/3
  Leadership detected: False (method: mock, confidence: medium)
  Signal confidence summary: {'crunchbase_firmographics': 'low', 'funding_event': 'medium', 'layoff_event': 'low', 'leadership_change': 'medium', 'hiring_velocity': 'low', 'ai_maturity': 'low', 'overall_brief_confidence': 'medium'}
  Honesty flags: ['weak_hiring_velocity_signal', 'weak_ai_maturity_signal', 'tech_stack_inferred_not_confirmed']

── Probe 8.1 [Scheduling] ──
  Hypothesis: Brief timestamps are UTC and timezone-aware
  Expected:   generated_at contains +00:00 or Z
  Actual:     generated_at=2026-04-24T22:19:48.876487+00:00
  Status:     ✅ PASS (severity: LOW)

Running enrichment pipeline for: DeterministicTime
  [1/6] Looking up Crunchbase data...
  Company 'DeterministicTime' not in ODM sample - using mock data
  [2/6] Checking funding events...
  [3/6] Checking layoffs.fyi...
layoffs.csv not found - returning no layoff signal
  [4/6] Fetching job posts...
Fetching jobs from RemoteOK...
Total jobs fetched: 99
Sample job structure:
{
  "slug": "remote-applied-ai-engineer-europe-amigo-1131296",
  "id": "1131296",
  "epoch": 1776960017,
  "date": "2026-04-23T16:00:17+00:00",
  "company": "Amigo",
  "company_logo": "",
  "position": "Applied AI Engineer Europe",
  "tags": [
    "system",
    "python",
    "technical",
    "support",
    "software",
    "testing",
    "code",
    "investment",
    "git",
    "api",
    "leader",
    "operational",
    "reliability",
    "go",
    "health",
    "healthcare",
    "engineer",
    "engineering"
  ],
  "description": "<h1>About Amigo</h1><p style=\"min-height:1.5em\">Amigo partners with healthcare organizations to deploy robust AI infrastructure that directly serves patients and providers. Our agents handle clinical workflows and patient engagement across the entire journey: pre-visit intake, care navigation, post-visit care plans, patient monitoring, and more.</p><p style=\"min-height:1.5em\">We're fresh off our Series A backed by Tier 1 investors like Madrona, General Catalyst, and Optum Ventures. Our work is validated with leading academic medical institutions. Our agents have reached 3M+ patient encounters and are on track to 10x this year.</p><h1>About this role</h1><p style=\"min-height:1.5em\">The Applied AI Engineer role at Amigo is a launchpad. You'll ship production AI agents end-to-end \u00e2\u0080\u0094 writing the code, shaping product decisions, and sitting with customers as they deploy \u00e2\u0080\u0094 and in doing so, you'll build the exact skill set that opens doors to the next chapter of your career at Amigo.</p><p style=\"min-height:1.5em\"><strong>This role is designed to help you grow into other parts of the company.</strong> Applied AI Engineers move into one of four paths within 6\u00e2\u0080\u009312 months:</p><p style=\"min-height:1.5em\"></p><ul style=\"min-height:1.5em\"><li><p style=\"min-height:1.5em\"><strong>Applied AI</strong>: stay in the org; go deeper on agent architecture, verification frameworks, and the hardest customer problems; become a technical leader on the applied team</p></li><li><p style=\"min-height:1.5em\"><strong>Product Management</strong>: if you gravitate toward roadmap, discovery, and shaping what we build next</p></li><li><p style=\"min-height:1.5em\"><strong>Sales Engineering</strong>: if you thrive in pre-sales, technical storytelling, and closing enterprise deals</p></li><li><p style=\"min-height:1.5em\"><strong>Software Engineering</strong>: if you want to go deeper on platform, infrastructure, and core systems</p></li></ul><p style=\"min-height:1.5em\"></p><p style=\"min-height:1.5em\">You won't have to guess which fits. This role will actively help you explore each path, give you projects that stretch in those directions, and sponsor the internal transition when you're ready. People who want to stay on the applied side long-term can do that too \u00e2\u0080\u0094 but this role is explicitly built so you don't have to.</p><h1>What you'll do</h1><ul style=\"min-height:1.5em\"><li><p style=\"min-height:1.5em\">Implement context graphs that enable agents to select the right reasoning mode (lookup, pattern recognition, exploration) based on problem complexity</p></li><li><p style=\"min-height:1.5em\">Build and optimize agent configurations, including static personas, dynamic behaviors, and functional memory systems</p></li><li><p style=\"min-height:1.5em\">Design bounded Operational Patient Domains (OPDs) with explicit inclusions, exclusions, capabilities, and escalation rules</p></li><li><p style=\"min-height:1.5em\">Implement verification loops and simulation-based testing to validate agent performance against customer KPIs</p></li><li><p style=\"min-height:1.5em\">Write Python code for tool integrations and API orchestration within customer environments</p></li><li><p style=\"min-height:1.5em\">Build evaluation suites that gate deployments using customer-specific success metrics</p></li><li><p style=\"min-height:1.5em\">Collaborate with domain experts through structured interviews to capture reasoning patterns and clinical protocols</p></li><li><p style=\"min-height:1.5em\">Support technical power users through git-based workflows for rapid iteration</p></li><li><p style=\"min-height:1.5em\">Implement adversarial testing to systematically identify and prevent failure modes</p></li><li><p style=\"min-height:1.5em\">Ensure agents maintain audit-ready provenance with version pinning and evidence links</p></li><li><p style=\"min-height:1.5em\">Contribute to systematizing implementation patterns across different problem domains</p></li></ul><h1>What we're looking for</h1><ul style=\"min-height:1.5em\"><li><p style=\"min-height:1.5em\">2+ years of production software engineering experience</p></li><li><p style=\"min-height:1.5em\">Strong Python skills including proper use of typing, and experience building highly reliable systems that interact with external APIs (schema design, retry strategies, error propagation)</p></li><li><p style=\"min-height:1.5em\">Experience with LLMs, prompt engineering, and building on AI platforms</p></li><li><p style=\"min-height:1.5em\">Ability to implement systems with strict reliability requirements</p></li><li><p style=\"min-height:1.5em\">Understanding of testing and verification methodologies</p></li><li><p style=\"min-height:1.5em\">Experience working directly with customers or stakeholders to deliver technical solutions</p></li><li><p style=\"min-height:1.5em\">Familiarity with git workflows and collaborative development</p></li><li><p style=\"min-height:1.5em\">Strong debugging and problem-solving skills for complex systems</p></li><li><p style=\"min-height:1.5em\">Ability to balance theoretical concepts with practical implementation constraints</p></li><li><p style=\"min-height:1.5em\">Clear technical communication for both engineering and non-technical audiences</p></li></ul><h1>Nice to have</h1><ul style=\"min-height:1.5em\"><li><p style=\"min-height:1.5em\">Experience in regulated industries (healthcare, finance, legal)</p></li><li><p style=\"min-height:1.5em\">Background with simulation, synthetic data, or evaluation frameworks</p></li><li><p style=\"min-height:1.5em\">Understanding of distributed systems and service-oriented architectures</p></li><li><p style=\"min-height:1.5em\">Experience with observability and monitoring in production environments</p></li><li><p style=\"min-height:1.5em\">Familiarity with compliance requirements (HIPAA, SOC 2, GDPR) </p></li></ul><h1>Benefits</h1><p style=\"min-height:1.5em\"></p><h2>Health &amp; Wellness</h2><ul style=\"min-height:1.5em\"><li><p style=\"min-height:1.5em\">Comprehensive health, dental, and vision insurance</p></li><li><p style=\"min-height:1.5em\">Daily catered lunch and dinner</p></li><li><p style=\"min-height:1.5em\">Mental health support and wellness coaching</p></li><li><p style=\"min-height:1.5em\">Flexible wellness stipend for fitness, therapy, or personal growth</p></li></ul><h2>Growth &amp; Development</h2><ul style=\"min-height:1.5em\"><li><p style=\"min-height:1.5em\">Annual learning budget for courses, books, or conferences</p></li><li><p style=\"min-height:1.5em\">Conference attendance budget for professional development</p></li><li><p style=\"min-height:1.5em\">Annual team offsite</p></li><li><p style=\"min-height:1.5em\">Academic collaboration opportunities</p></li><li><p style=\"min-height:1.5em\">Unlimited PTO</p></li></ul><p style=\"min-height:1.5em\"></p><h1>Our Core Values</h1><ol style=\"min-height:1.5em\"><li><p style=\"min-height:1.5em\"><strong>Patients Win, We Win</strong></p><p style=\"min-height:1.5em\">If patients aren't getting better care, we haven't earned the right to scale. Every internal decision gets pressure-tested: does this make patients' lives better? If we can't draw the line, we question why we're doing it.</p></li><li><p style=\"min-height:1.5em\"><strong>High Standards, High Care</strong></p><p style=\"min-height:1.5em\">We hold a high bar for the team because patients are counting on us to get this right. But high standards only work with genuine investment in each other. You can take risks, admit mistakes, and challenge ideas\u00e2\u0080\u0094not despite our standards, but because of them.</p></li><li><p style=\"min-height:1.5em\"><strong>Thoughtful Urgency</strong></p><p style=\"min-height:1.5em\">We move fast by default, but speed without judgment is recklessness. The discipline is knowing which decisions are reversible vs. not. In healthcare AI, the companies that win will be fast everywhere they can be and careful everywhere they must be. We build the muscle to do both.</p></li><li><p style=\"min-height:1.5em\"><strong>Intensely Measured</strong></p><p style=\"min-height:1.5em\">We instrument patient outcomes, provider ROI, system performance, and clinical accuracy. But data without action is surveillance. Every metric should have an owner, a threshold, and a response plan. If we're measuring something but never acting on it, we stop measuring it.</p><p style=\"min-height:1.5em\"></p></li></ol><h1>Who Builds With Us</h1><ul style=\"min-height:1.5em\"><li><p style=\"min-height:1.5em\"><strong>Low ego: </strong>Politics and territory don't interest you. The best ideas win, regardless of who has them.</p></li><li><p style=\"min-height:1.5em\"><strong>Direct: </strong>You say the hard thing, challenge ideas openly, and commit fully once decided.</p></li><li><p style=\"min-height:1.5em\"><strong>High agency: </strong>You thrive on trust rather than instruction. When you see something is broken, you fix it. You don\u00e2\u0080\u0099t file tickets and wait for someone else.</p></li><li><p style=\"min-height:1.5em\"><strong>Bar of excellence: </strong>You hold yourself to a bar most people wouldn't, and you want teammates who do the same.</p></li><li><p style=\"min-height:1.5em\"><strong>Skeptical: </strong>You push back on rules that don\u00e2\u0080\u0099t make sense and question assumptions that haven\u00e2\u0080\u0099t earned their place.</p></li></ul><br/><br/>Please mention the word **READABLE** and tag RMTk3LjE1Ni43MS42NQ== when applying to show you read the job post completely (#RMTk3LjE1Ni43MS42NQ==). This is a beta feature to avoid spam applicants. Companies can search these words to find applicants that read this and see they're human.",
  "location": "Amsterdam",
  "apply_url": "https://remoteOK.com/remote-jobs/remote-applied-ai-engineer-europe-amigo-1131296",
  "salary_min": 0,
  "salary_max": 0,
  "logo": "",
  "url": "https://remoteOK.com/remote-jobs/remote-applied-ai-engineer-europe-amigo-1131296"
}
  [5/6] Checking leadership changes...
  [6/6] Scoring AI maturity...

  Brief saved to: outputs/hiring_signal_brief_deterministictime.json
  Segment: abstain (confidence: 0.4)
  AI Maturity: 0/3
  Leadership detected: False (method: mock, confidence: medium)
  Signal confidence summary: {'crunchbase_firmographics': 'low', 'funding_event': 'medium', 'layoff_event': 'low', 'leadership_change': 'medium', 'hiring_velocity': 'low', 'ai_maturity': 'low', 'overall_brief_confidence': 'medium'}
  Honesty flags: ['weak_hiring_velocity_signal', 'weak_ai_maturity_signal', 'tech_stack_inferred_not_confirmed']

Running enrichment pipeline for: DeterministicTime
  [1/6] Looking up Crunchbase data...
  Company 'DeterministicTime' not in ODM sample - using mock data
  [2/6] Checking funding events...
  [3/6] Checking layoffs.fyi...
layoffs.csv not found - returning no layoff signal
  [4/6] Fetching job posts...
Fetching jobs from RemoteOK...
Total jobs fetched: 99
Sample job structure:
{
  "slug": "remote-applied-ai-engineer-europe-amigo-1131296",
  "id": "1131296",
  "epoch": 1776960017,
  "date": "2026-04-23T16:00:17+00:00",
  "company": "Amigo",
  "company_logo": "",
  "position": "Applied AI Engineer Europe",
  "tags": [
    "system",
    "python",
    "technical",
    "support",
    "software",
    "testing",
    "code",
    "investment",
    "git",
    "api",
    "leader",
    "operational",
    "reliability",
    "go",
    "health",
    "healthcare",
    "engineer",
    "engineering"
  ],
  "description": "<h1>About Amigo</h1><p style=\"min-height:1.5em\">Amigo partners with healthcare organizations to deploy robust AI infrastructure that directly serves patients and providers. Our agents handle clinical workflows and patient engagement across the entire journey: pre-visit intake, care navigation, post-visit care plans, patient monitoring, and more.</p><p style=\"min-height:1.5em\">We're fresh off our Series A backed by Tier 1 investors like Madrona, General Catalyst, and Optum Ventures. Our work is validated with leading academic medical institutions. Our agents have reached 3M+ patient encounters and are on track to 10x this year.</p><h1>About this role</h1><p style=\"min-height:1.5em\">The Applied AI Engineer role at Amigo is a launchpad. You'll ship production AI agents end-to-end \u00e2\u0080\u0094 writing the code, shaping product decisions, and sitting with customers as they deploy \u00e2\u0080\u0094 and in doing so, you'll build the exact skill set that opens doors to the next chapter of your career at Amigo.</p><p style=\"min-height:1.5em\"><strong>This role is designed to help you grow into other parts of the company.</strong> Applied AI Engineers move into one of four paths within 6\u00e2\u0080\u009312 months:</p><p style=\"min-height:1.5em\"></p><ul style=\"min-height:1.5em\"><li><p style=\"min-height:1.5em\"><strong>Applied AI</strong>: stay in the org; go deeper on agent architecture, verification frameworks, and the hardest customer problems; become a technical leader on the applied team</p></li><li><p style=\"min-height:1.5em\"><strong>Product Management</strong>: if you gravitate toward roadmap, discovery, and shaping what we build next</p></li><li><p style=\"min-height:1.5em\"><strong>Sales Engineering</strong>: if you thrive in pre-sales, technical storytelling, and closing enterprise deals</p></li><li><p style=\"min-height:1.5em\"><strong>Software Engineering</strong>: if you want to go deeper on platform, infrastructure, and core systems</p></li></ul><p style=\"min-height:1.5em\"></p><p style=\"min-height:1.5em\">You won't have to guess which fits. This role will actively help you explore each path, give you projects that stretch in those directions, and sponsor the internal transition when you're ready. People who want to stay on the applied side long-term can do that too \u00e2\u0080\u0094 but this role is explicitly built so you don't have to.</p><h1>What you'll do</h1><ul style=\"min-height:1.5em\"><li><p style=\"min-height:1.5em\">Implement context graphs that enable agents to select the right reasoning mode (lookup, pattern recognition, exploration) based on problem complexity</p></li><li><p style=\"min-height:1.5em\">Build and optimize agent configurations, including static personas, dynamic behaviors, and functional memory systems</p></li><li><p style=\"min-height:1.5em\">Design bounded Operational Patient Domains (OPDs) with explicit inclusions, exclusions, capabilities, and escalation rules</p></li><li><p style=\"min-height:1.5em\">Implement verification loops and simulation-based testing to validate agent performance against customer KPIs</p></li><li><p style=\"min-height:1.5em\">Write Python code for tool integrations and API orchestration within customer environments</p></li><li><p style=\"min-height:1.5em\">Build evaluation suites that gate deployments using customer-specific success metrics</p></li><li><p style=\"min-height:1.5em\">Collaborate with domain experts through structured interviews to capture reasoning patterns and clinical protocols</p></li><li><p style=\"min-height:1.5em\">Support technical power users through git-based workflows for rapid iteration</p></li><li><p style=\"min-height:1.5em\">Implement adversarial testing to systematically identify and prevent failure modes</p></li><li><p style=\"min-height:1.5em\">Ensure agents maintain audit-ready provenance with version pinning and evidence links</p></li><li><p style=\"min-height:1.5em\">Contribute to systematizing implementation patterns across different problem domains</p></li></ul><h1>What we're looking for</h1><ul style=\"min-height:1.5em\"><li><p style=\"min-height:1.5em\">2+ years of production software engineering experience</p></li><li><p style=\"min-height:1.5em\">Strong Python skills including proper use of typing, and experience building highly reliable systems that interact with external APIs (schema design, retry strategies, error propagation)</p></li><li><p style=\"min-height:1.5em\">Experience with LLMs, prompt engineering, and building on AI platforms</p></li><li><p style=\"min-height:1.5em\">Ability to implement systems with strict reliability requirements</p></li><li><p style=\"min-height:1.5em\">Understanding of testing and verification methodologies</p></li><li><p style=\"min-height:1.5em\">Experience working directly with customers or stakeholders to deliver technical solutions</p></li><li><p style=\"min-height:1.5em\">Familiarity with git workflows and collaborative development</p></li><li><p style=\"min-height:1.5em\">Strong debugging and problem-solving skills for complex systems</p></li><li><p style=\"min-height:1.5em\">Ability to balance theoretical concepts with practical implementation constraints</p></li><li><p style=\"min-height:1.5em\">Clear technical communication for both engineering and non-technical audiences</p></li></ul><h1>Nice to have</h1><ul style=\"min-height:1.5em\"><li><p style=\"min-height:1.5em\">Experience in regulated industries (healthcare, finance, legal)</p></li><li><p style=\"min-height:1.5em\">Background with simulation, synthetic data, or evaluation frameworks</p></li><li><p style=\"min-height:1.5em\">Understanding of distributed systems and service-oriented architectures</p></li><li><p style=\"min-height:1.5em\">Experience with observability and monitoring in production environments</p></li><li><p style=\"min-height:1.5em\">Familiarity with compliance requirements (HIPAA, SOC 2, GDPR) </p></li></ul><h1>Benefits</h1><p style=\"min-height:1.5em\"></p><h2>Health &amp; Wellness</h2><ul style=\"min-height:1.5em\"><li><p style=\"min-height:1.5em\">Comprehensive health, dental, and vision insurance</p></li><li><p style=\"min-height:1.5em\">Daily catered lunch and dinner</p></li><li><p style=\"min-height:1.5em\">Mental health support and wellness coaching</p></li><li><p style=\"min-height:1.5em\">Flexible wellness stipend for fitness, therapy, or personal growth</p></li></ul><h2>Growth &amp; Development</h2><ul style=\"min-height:1.5em\"><li><p style=\"min-height:1.5em\">Annual learning budget for courses, books, or conferences</p></li><li><p style=\"min-height:1.5em\">Conference attendance budget for professional development</p></li><li><p style=\"min-height:1.5em\">Annual team offsite</p></li><li><p style=\"min-height:1.5em\">Academic collaboration opportunities</p></li><li><p style=\"min-height:1.5em\">Unlimited PTO</p></li></ul><p style=\"min-height:1.5em\"></p><h1>Our Core Values</h1><ol style=\"min-height:1.5em\"><li><p style=\"min-height:1.5em\"><strong>Patients Win, We Win</strong></p><p style=\"min-height:1.5em\">If patients aren't getting better care, we haven't earned the right to scale. Every internal decision gets pressure-tested: does this make patients' lives better? If we can't draw the line, we question why we're doing it.</p></li><li><p style=\"min-height:1.5em\"><strong>High Standards, High Care</strong></p><p style=\"min-height:1.5em\">We hold a high bar for the team because patients are counting on us to get this right. But high standards only work with genuine investment in each other. You can take risks, admit mistakes, and challenge ideas\u00e2\u0080\u0094not despite our standards, but because of them.</p></li><li><p style=\"min-height:1.5em\"><strong>Thoughtful Urgency</strong></p><p style=\"min-height:1.5em\">We move fast by default, but speed without judgment is recklessness. The discipline is knowing which decisions are reversible vs. not. In healthcare AI, the companies that win will be fast everywhere they can be and careful everywhere they must be. We build the muscle to do both.</p></li><li><p style=\"min-height:1.5em\"><strong>Intensely Measured</strong></p><p style=\"min-height:1.5em\">We instrument patient outcomes, provider ROI, system performance, and clinical accuracy. But data without action is surveillance. Every metric should have an owner, a threshold, and a response plan. If we're measuring something but never acting on it, we stop measuring it.</p><p style=\"min-height:1.5em\"></p></li></ol><h1>Who Builds With Us</h1><ul style=\"min-height:1.5em\"><li><p style=\"min-height:1.5em\"><strong>Low ego: </strong>Politics and territory don't interest you. The best ideas win, regardless of who has them.</p></li><li><p style=\"min-height:1.5em\"><strong>Direct: </strong>You say the hard thing, challenge ideas openly, and commit fully once decided.</p></li><li><p style=\"min-height:1.5em\"><strong>High agency: </strong>You thrive on trust rather than instruction. When you see something is broken, you fix it. You don\u00e2\u0080\u0099t file tickets and wait for someone else.</p></li><li><p style=\"min-height:1.5em\"><strong>Bar of excellence: </strong>You hold yourself to a bar most people wouldn't, and you want teammates who do the same.</p></li><li><p style=\"min-height:1.5em\"><strong>Skeptical: </strong>You push back on rules that don\u00e2\u0080\u0099t make sense and question assumptions that haven\u00e2\u0080\u0099t earned their place.</p></li></ul><br/><br/>Please mention the word **READABLE** and tag RMTk3LjE1Ni43MS42NQ== when applying to show you read the job post completely (#RMTk3LjE1Ni43MS42NQ==). This is a beta feature to avoid spam applicants. Companies can search these words to find applicants that read this and see they're human.",
  "location": "Amsterdam",
  "apply_url": "https://remoteOK.com/remote-jobs/remote-applied-ai-engineer-europe-amigo-1131296",
  "salary_min": 0,
  "salary_max": 0,
  "logo": "",
  "url": "https://remoteOK.com/remote-jobs/remote-applied-ai-engineer-europe-amigo-1131296"
}
  [5/6] Checking leadership changes...
  [6/6] Scoring AI maturity...

  Brief saved to: outputs/hiring_signal_brief_deterministictime.json
  Segment: abstain (confidence: 0.4)
  AI Maturity: 0/3
  Leadership detected: False (method: mock, confidence: medium)
  Signal confidence summary: {'crunchbase_firmographics': 'low', 'funding_event': 'medium', 'layoff_event': 'low', 'leadership_change': 'medium', 'hiring_velocity': 'low', 'ai_maturity': 'low', 'overall_brief_confidence': 'medium'}
  Honesty flags: ['weak_hiring_velocity_signal', 'weak_ai_maturity_signal', 'tech_stack_inferred_not_confirmed']

── Probe 8.2 [Scheduling] ──
  Hypothesis: Same input at different times produces consistent segment
  Expected:   segment identical across runs
  Actual:     t1=abstain, t2=abstain
  Status:     ✅ PASS (severity: n/a)

── Probe 9.1 [Signal Reliability] ──
  Hypothesis: Zero signals should produce score 0
  Expected:   score=0
  Actual:     score=0, confidence=0.25
  Status:     ✅ PASS (severity: HIGH)

── Probe 9.2 [Signal Reliability] ──
  Hypothesis: Only low-weight signals should max out at score 1
  Expected:   score <= 1
  Actual:     score=0
  Status:     ✅ PASS (severity: MEDIUM)

── Probe 9.3 [Signal Reliability] ──
  Hypothesis: All signals true produces maximum score 3
  Expected:   score=3, confidence >= 0.6
  Actual:     score=3, confidence=0.5
  Status:     ✅ PASS (severity: n/a)

── Probe 9.4 [Signal Reliability] ──
  Hypothesis: Score is capped at 3 even with extreme inputs
  Expected:   score=3 (capped)
  Actual:     score=3
  Status:     ✅ PASS (severity: LOW)

── Probe 9.5 [Signal Reliability] ──
  Hypothesis: Negative ai_open_roles handled
  Expected:   Treated as 0 or raises error
  Actual:     score=0
  Status:     ✅ PASS (severity: LOW)

── Probe 9.6 [Signal Reliability] ──
  Hypothesis: Output includes per-signal justifications
  Expected:   justifications list with weight/status/confidence per signal
  Actual:     justifications_count=4
  Status:     ✅ PASS (severity: MEDIUM)

Running enrichment pipeline for: HighMaturity
  [1/6] Looking up Crunchbase data...
  Company 'HighMaturity' not in ODM sample - using mock data
  [2/6] Checking funding events...
  [3/6] Checking layoffs.fyi...
layoffs.csv not found - returning no layoff signal
  [4/6] Fetching job posts...
Fetching jobs from RemoteOK...
Total jobs fetched: 99
Sample job structure:
{
  "slug": "remote-applied-ai-engineer-europe-amigo-1131296",
  "id": "1131296",
  "epoch": 1776960017,
  "date": "2026-04-23T16:00:17+00:00",
  "company": "Amigo",
  "company_logo": "",
  "position": "Applied AI Engineer Europe",
  "tags": [
    "system",
    "python",
    "technical",
    "support",
    "software",
    "testing",
    "code",
    "investment",
    "git",
    "api",
    "leader",
    "operational",
    "reliability",
    "go",
    "health",
    "healthcare",
    "engineer",
    "engineering"
  ],
  "description": "<h1>About Amigo</h1><p style=\"min-height:1.5em\">Amigo partners with healthcare organizations to deploy robust AI infrastructure that directly serves patients and providers. Our agents handle clinical workflows and patient engagement across the entire journey: pre-visit intake, care navigation, post-visit care plans, patient monitoring, and more.</p><p style=\"min-height:1.5em\">We're fresh off our Series A backed by Tier 1 investors like Madrona, General Catalyst, and Optum Ventures. Our work is validated with leading academic medical institutions. Our agents have reached 3M+ patient encounters and are on track to 10x this year.</p><h1>About this role</h1><p style=\"min-height:1.5em\">The Applied AI Engineer role at Amigo is a launchpad. You'll ship production AI agents end-to-end \u00e2\u0080\u0094 writing the code, shaping product decisions, and sitting with customers as they deploy \u00e2\u0080\u0094 and in doing so, you'll build the exact skill set that opens doors to the next chapter of your career at Amigo.</p><p style=\"min-height:1.5em\"><strong>This role is designed to help you grow into other parts of the company.</strong> Applied AI Engineers move into one of four paths within 6\u00e2\u0080\u009312 months:</p><p style=\"min-height:1.5em\"></p><ul style=\"min-height:1.5em\"><li><p style=\"min-height:1.5em\"><strong>Applied AI</strong>: stay in the org; go deeper on agent architecture, verification frameworks, and the hardest customer problems; become a technical leader on the applied team</p></li><li><p style=\"min-height:1.5em\"><strong>Product Management</strong>: if you gravitate toward roadmap, discovery, and shaping what we build next</p></li><li><p style=\"min-height:1.5em\"><strong>Sales Engineering</strong>: if you thrive in pre-sales, technical storytelling, and closing enterprise deals</p></li><li><p style=\"min-height:1.5em\"><strong>Software Engineering</strong>: if you want to go deeper on platform, infrastructure, and core systems</p></li></ul><p style=\"min-height:1.5em\"></p><p style=\"min-height:1.5em\">You won't have to guess which fits. This role will actively help you explore each path, give you projects that stretch in those directions, and sponsor the internal transition when you're ready. People who want to stay on the applied side long-term can do that too \u00e2\u0080\u0094 but this role is explicitly built so you don't have to.</p><h1>What you'll do</h1><ul style=\"min-height:1.5em\"><li><p style=\"min-height:1.5em\">Implement context graphs that enable agents to select the right reasoning mode (lookup, pattern recognition, exploration) based on problem complexity</p></li><li><p style=\"min-height:1.5em\">Build and optimize agent configurations, including static personas, dynamic behaviors, and functional memory systems</p></li><li><p style=\"min-height:1.5em\">Design bounded Operational Patient Domains (OPDs) with explicit inclusions, exclusions, capabilities, and escalation rules</p></li><li><p style=\"min-height:1.5em\">Implement verification loops and simulation-based testing to validate agent performance against customer KPIs</p></li><li><p style=\"min-height:1.5em\">Write Python code for tool integrations and API orchestration within customer environments</p></li><li><p style=\"min-height:1.5em\">Build evaluation suites that gate deployments using customer-specific success metrics</p></li><li><p style=\"min-height:1.5em\">Collaborate with domain experts through structured interviews to capture reasoning patterns and clinical protocols</p></li><li><p style=\"min-height:1.5em\">Support technical power users through git-based workflows for rapid iteration</p></li><li><p style=\"min-height:1.5em\">Implement adversarial testing to systematically identify and prevent failure modes</p></li><li><p style=\"min-height:1.5em\">Ensure agents maintain audit-ready provenance with version pinning and evidence links</p></li><li><p style=\"min-height:1.5em\">Contribute to systematizing implementation patterns across different problem domains</p></li></ul><h1>What we're looking for</h1><ul style=\"min-height:1.5em\"><li><p style=\"min-height:1.5em\">2+ years of production software engineering experience</p></li><li><p style=\"min-height:1.5em\">Strong Python skills including proper use of typing, and experience building highly reliable systems that interact with external APIs (schema design, retry strategies, error propagation)</p></li><li><p style=\"min-height:1.5em\">Experience with LLMs, prompt engineering, and building on AI platforms</p></li><li><p style=\"min-height:1.5em\">Ability to implement systems with strict reliability requirements</p></li><li><p style=\"min-height:1.5em\">Understanding of testing and verification methodologies</p></li><li><p style=\"min-height:1.5em\">Experience working directly with customers or stakeholders to deliver technical solutions</p></li><li><p style=\"min-height:1.5em\">Familiarity with git workflows and collaborative development</p></li><li><p style=\"min-height:1.5em\">Strong debugging and problem-solving skills for complex systems</p></li><li><p style=\"min-height:1.5em\">Ability to balance theoretical concepts with practical implementation constraints</p></li><li><p style=\"min-height:1.5em\">Clear technical communication for both engineering and non-technical audiences</p></li></ul><h1>Nice to have</h1><ul style=\"min-height:1.5em\"><li><p style=\"min-height:1.5em\">Experience in regulated industries (healthcare, finance, legal)</p></li><li><p style=\"min-height:1.5em\">Background with simulation, synthetic data, or evaluation frameworks</p></li><li><p style=\"min-height:1.5em\">Understanding of distributed systems and service-oriented architectures</p></li><li><p style=\"min-height:1.5em\">Experience with observability and monitoring in production environments</p></li><li><p style=\"min-height:1.5em\">Familiarity with compliance requirements (HIPAA, SOC 2, GDPR) </p></li></ul><h1>Benefits</h1><p style=\"min-height:1.5em\"></p><h2>Health &amp; Wellness</h2><ul style=\"min-height:1.5em\"><li><p style=\"min-height:1.5em\">Comprehensive health, dental, and vision insurance</p></li><li><p style=\"min-height:1.5em\">Daily catered lunch and dinner</p></li><li><p style=\"min-height:1.5em\">Mental health support and wellness coaching</p></li><li><p style=\"min-height:1.5em\">Flexible wellness stipend for fitness, therapy, or personal growth</p></li></ul><h2>Growth &amp; Development</h2><ul style=\"min-height:1.5em\"><li><p style=\"min-height:1.5em\">Annual learning budget for courses, books, or conferences</p></li><li><p style=\"min-height:1.5em\">Conference attendance budget for professional development</p></li><li><p style=\"min-height:1.5em\">Annual team offsite</p></li><li><p style=\"min-height:1.5em\">Academic collaboration opportunities</p></li><li><p style=\"min-height:1.5em\">Unlimited PTO</p></li></ul><p style=\"min-height:1.5em\"></p><h1>Our Core Values</h1><ol style=\"min-height:1.5em\"><li><p style=\"min-height:1.5em\"><strong>Patients Win, We Win</strong></p><p style=\"min-height:1.5em\">If patients aren't getting better care, we haven't earned the right to scale. Every internal decision gets pressure-tested: does this make patients' lives better? If we can't draw the line, we question why we're doing it.</p></li><li><p style=\"min-height:1.5em\"><strong>High Standards, High Care</strong></p><p style=\"min-height:1.5em\">We hold a high bar for the team because patients are counting on us to get this right. But high standards only work with genuine investment in each other. You can take risks, admit mistakes, and challenge ideas\u00e2\u0080\u0094not despite our standards, but because of them.</p></li><li><p style=\"min-height:1.5em\"><strong>Thoughtful Urgency</strong></p><p style=\"min-height:1.5em\">We move fast by default, but speed without judgment is recklessness. The discipline is knowing which decisions are reversible vs. not. In healthcare AI, the companies that win will be fast everywhere they can be and careful everywhere they must be. We build the muscle to do both.</p></li><li><p style=\"min-height:1.5em\"><strong>Intensely Measured</strong></p><p style=\"min-height:1.5em\">We instrument patient outcomes, provider ROI, system performance, and clinical accuracy. But data without action is surveillance. Every metric should have an owner, a threshold, and a response plan. If we're measuring something but never acting on it, we stop measuring it.</p><p style=\"min-height:1.5em\"></p></li></ol><h1>Who Builds With Us</h1><ul style=\"min-height:1.5em\"><li><p style=\"min-height:1.5em\"><strong>Low ego: </strong>Politics and territory don't interest you. The best ideas win, regardless of who has them.</p></li><li><p style=\"min-height:1.5em\"><strong>Direct: </strong>You say the hard thing, challenge ideas openly, and commit fully once decided.</p></li><li><p style=\"min-height:1.5em\"><strong>High agency: </strong>You thrive on trust rather than instruction. When you see something is broken, you fix it. You don\u00e2\u0080\u0099t file tickets and wait for someone else.</p></li><li><p style=\"min-height:1.5em\"><strong>Bar of excellence: </strong>You hold yourself to a bar most people wouldn't, and you want teammates who do the same.</p></li><li><p style=\"min-height:1.5em\"><strong>Skeptical: </strong>You push back on rules that don\u00e2\u0080\u0099t make sense and question assumptions that haven\u00e2\u0080\u0099t earned their place.</p></li></ul><br/><br/>Please mention the word **READABLE** and tag RMTk3LjE1Ni43MS42NQ== when applying to show you read the job post completely (#RMTk3LjE1Ni43MS42NQ==). This is a beta feature to avoid spam applicants. Companies can search these words to find applicants that read this and see they're human.",
  "location": "Amsterdam",
  "apply_url": "https://remoteOK.com/remote-jobs/remote-applied-ai-engineer-europe-amigo-1131296",
  "salary_min": 0,
  "salary_max": 0,
  "logo": "",
  "url": "https://remoteOK.com/remote-jobs/remote-applied-ai-engineer-europe-amigo-1131296"
}
  [5/6] Checking leadership changes...
  [6/6] Scoring AI maturity...

  Brief saved to: outputs/hiring_signal_brief_highmaturity.json
  Segment: segment_4_specialized_capability (confidence: 0.7)
  AI Maturity: 3/3
  Leadership detected: False (method: mock, confidence: medium)
  Signal confidence summary: {'crunchbase_firmographics': 'low', 'funding_event': 'medium', 'layoff_event': 'low', 'leadership_change': 'medium', 'hiring_velocity': 'low', 'ai_maturity': 'medium', 'overall_brief_confidence': 'high'}
  Honesty flags: ['weak_hiring_velocity_signal', 'tech_stack_inferred_not_confirmed']
  Gap brief saved: outputs/competitor_gap_brief_highmaturity.json

── Probe 10.1 [Gap Over-claiming] ──
  Hypothesis: Gap brief for prospect already at top quartile
  Expected:   Should abstain or indicate at-or-above top quartile
  Actual:     gaps=0
  Status:     ✅ PASS (severity: MEDIUM)

Running enrichment pipeline for: LowMaturity
  [1/6] Looking up Crunchbase data...
  Company 'LowMaturity' not in ODM sample - using mock data
  [2/6] Checking funding events...
  [3/6] Checking layoffs.fyi...
layoffs.csv not found - returning no layoff signal
  [4/6] Fetching job posts...
Fetching jobs from RemoteOK...
Total jobs fetched: 99
Sample job structure:
{
  "slug": "remote-applied-ai-engineer-europe-amigo-1131296",
  "id": "1131296",
  "epoch": 1776960017,
  "date": "2026-04-23T16:00:17+00:00",
  "company": "Amigo",
  "company_logo": "",
  "position": "Applied AI Engineer Europe",
  "tags": [
    "system",
    "python",
    "technical",
    "support",
    "software",
    "testing",
    "code",
    "investment",
    "git",
    "api",
    "leader",
    "operational",
    "reliability",
    "go",
    "health",
    "healthcare",
    "engineer",
    "engineering"
  ],
  "description": "<h1>About Amigo</h1><p style=\"min-height:1.5em\">Amigo partners with healthcare organizations to deploy robust AI infrastructure that directly serves patients and providers. Our agents handle clinical workflows and patient engagement across the entire journey: pre-visit intake, care navigation, post-visit care plans, patient monitoring, and more.</p><p style=\"min-height:1.5em\">We're fresh off our Series A backed by Tier 1 investors like Madrona, General Catalyst, and Optum Ventures. Our work is validated with leading academic medical institutions. Our agents have reached 3M+ patient encounters and are on track to 10x this year.</p><h1>About this role</h1><p style=\"min-height:1.5em\">The Applied AI Engineer role at Amigo is a launchpad. You'll ship production AI agents end-to-end \u00e2\u0080\u0094 writing the code, shaping product decisions, and sitting with customers as they deploy \u00e2\u0080\u0094 and in doing so, you'll build the exact skill set that opens doors to the next chapter of your career at Amigo.</p><p style=\"min-height:1.5em\"><strong>This role is designed to help you grow into other parts of the company.</strong> Applied AI Engineers move into one of four paths within 6\u00e2\u0080\u009312 months:</p><p style=\"min-height:1.5em\"></p><ul style=\"min-height:1.5em\"><li><p style=\"min-height:1.5em\"><strong>Applied AI</strong>: stay in the org; go deeper on agent architecture, verification frameworks, and the hardest customer problems; become a technical leader on the applied team</p></li><li><p style=\"min-height:1.5em\"><strong>Product Management</strong>: if you gravitate toward roadmap, discovery, and shaping what we build next</p></li><li><p style=\"min-height:1.5em\"><strong>Sales Engineering</strong>: if you thrive in pre-sales, technical storytelling, and closing enterprise deals</p></li><li><p style=\"min-height:1.5em\"><strong>Software Engineering</strong>: if you want to go deeper on platform, infrastructure, and core systems</p></li></ul><p style=\"min-height:1.5em\"></p><p style=\"min-height:1.5em\">You won't have to guess which fits. This role will actively help you explore each path, give you projects that stretch in those directions, and sponsor the internal transition when you're ready. People who want to stay on the applied side long-term can do that too \u00e2\u0080\u0094 but this role is explicitly built so you don't have to.</p><h1>What you'll do</h1><ul style=\"min-height:1.5em\"><li><p style=\"min-height:1.5em\">Implement context graphs that enable agents to select the right reasoning mode (lookup, pattern recognition, exploration) based on problem complexity</p></li><li><p style=\"min-height:1.5em\">Build and optimize agent configurations, including static personas, dynamic behaviors, and functional memory systems</p></li><li><p style=\"min-height:1.5em\">Design bounded Operational Patient Domains (OPDs) with explicit inclusions, exclusions, capabilities, and escalation rules</p></li><li><p style=\"min-height:1.5em\">Implement verification loops and simulation-based testing to validate agent performance against customer KPIs</p></li><li><p style=\"min-height:1.5em\">Write Python code for tool integrations and API orchestration within customer environments</p></li><li><p style=\"min-height:1.5em\">Build evaluation suites that gate deployments using customer-specific success metrics</p></li><li><p style=\"min-height:1.5em\">Collaborate with domain experts through structured interviews to capture reasoning patterns and clinical protocols</p></li><li><p style=\"min-height:1.5em\">Support technical power users through git-based workflows for rapid iteration</p></li><li><p style=\"min-height:1.5em\">Implement adversarial testing to systematically identify and prevent failure modes</p></li><li><p style=\"min-height:1.5em\">Ensure agents maintain audit-ready provenance with version pinning and evidence links</p></li><li><p style=\"min-height:1.5em\">Contribute to systematizing implementation patterns across different problem domains</p></li></ul><h1>What we're looking for</h1><ul style=\"min-height:1.5em\"><li><p style=\"min-height:1.5em\">2+ years of production software engineering experience</p></li><li><p style=\"min-height:1.5em\">Strong Python skills including proper use of typing, and experience building highly reliable systems that interact with external APIs (schema design, retry strategies, error propagation)</p></li><li><p style=\"min-height:1.5em\">Experience with LLMs, prompt engineering, and building on AI platforms</p></li><li><p style=\"min-height:1.5em\">Ability to implement systems with strict reliability requirements</p></li><li><p style=\"min-height:1.5em\">Understanding of testing and verification methodologies</p></li><li><p style=\"min-height:1.5em\">Experience working directly with customers or stakeholders to deliver technical solutions</p></li><li><p style=\"min-height:1.5em\">Familiarity with git workflows and collaborative development</p></li><li><p style=\"min-height:1.5em\">Strong debugging and problem-solving skills for complex systems</p></li><li><p style=\"min-height:1.5em\">Ability to balance theoretical concepts with practical implementation constraints</p></li><li><p style=\"min-height:1.5em\">Clear technical communication for both engineering and non-technical audiences</p></li></ul><h1>Nice to have</h1><ul style=\"min-height:1.5em\"><li><p style=\"min-height:1.5em\">Experience in regulated industries (healthcare, finance, legal)</p></li><li><p style=\"min-height:1.5em\">Background with simulation, synthetic data, or evaluation frameworks</p></li><li><p style=\"min-height:1.5em\">Understanding of distributed systems and service-oriented architectures</p></li><li><p style=\"min-height:1.5em\">Experience with observability and monitoring in production environments</p></li><li><p style=\"min-height:1.5em\">Familiarity with compliance requirements (HIPAA, SOC 2, GDPR) </p></li></ul><h1>Benefits</h1><p style=\"min-height:1.5em\"></p><h2>Health &amp; Wellness</h2><ul style=\"min-height:1.5em\"><li><p style=\"min-height:1.5em\">Comprehensive health, dental, and vision insurance</p></li><li><p style=\"min-height:1.5em\">Daily catered lunch and dinner</p></li><li><p style=\"min-height:1.5em\">Mental health support and wellness coaching</p></li><li><p style=\"min-height:1.5em\">Flexible wellness stipend for fitness, therapy, or personal growth</p></li></ul><h2>Growth &amp; Development</h2><ul style=\"min-height:1.5em\"><li><p style=\"min-height:1.5em\">Annual learning budget for courses, books, or conferences</p></li><li><p style=\"min-height:1.5em\">Conference attendance budget for professional development</p></li><li><p style=\"min-height:1.5em\">Annual team offsite</p></li><li><p style=\"min-height:1.5em\">Academic collaboration opportunities</p></li><li><p style=\"min-height:1.5em\">Unlimited PTO</p></li></ul><p style=\"min-height:1.5em\"></p><h1>Our Core Values</h1><ol style=\"min-height:1.5em\"><li><p style=\"min-height:1.5em\"><strong>Patients Win, We Win</strong></p><p style=\"min-height:1.5em\">If patients aren't getting better care, we haven't earned the right to scale. Every internal decision gets pressure-tested: does this make patients' lives better? If we can't draw the line, we question why we're doing it.</p></li><li><p style=\"min-height:1.5em\"><strong>High Standards, High Care</strong></p><p style=\"min-height:1.5em\">We hold a high bar for the team because patients are counting on us to get this right. But high standards only work with genuine investment in each other. You can take risks, admit mistakes, and challenge ideas\u00e2\u0080\u0094not despite our standards, but because of them.</p></li><li><p style=\"min-height:1.5em\"><strong>Thoughtful Urgency</strong></p><p style=\"min-height:1.5em\">We move fast by default, but speed without judgment is recklessness. The discipline is knowing which decisions are reversible vs. not. In healthcare AI, the companies that win will be fast everywhere they can be and careful everywhere they must be. We build the muscle to do both.</p></li><li><p style=\"min-height:1.5em\"><strong>Intensely Measured</strong></p><p style=\"min-height:1.5em\">We instrument patient outcomes, provider ROI, system performance, and clinical accuracy. But data without action is surveillance. Every metric should have an owner, a threshold, and a response plan. If we're measuring something but never acting on it, we stop measuring it.</p><p style=\"min-height:1.5em\"></p></li></ol><h1>Who Builds With Us</h1><ul style=\"min-height:1.5em\"><li><p style=\"min-height:1.5em\"><strong>Low ego: </strong>Politics and territory don't interest you. The best ideas win, regardless of who has them.</p></li><li><p style=\"min-height:1.5em\"><strong>Direct: </strong>You say the hard thing, challenge ideas openly, and commit fully once decided.</p></li><li><p style=\"min-height:1.5em\"><strong>High agency: </strong>You thrive on trust rather than instruction. When you see something is broken, you fix it. You don\u00e2\u0080\u0099t file tickets and wait for someone else.</p></li><li><p style=\"min-height:1.5em\"><strong>Bar of excellence: </strong>You hold yourself to a bar most people wouldn't, and you want teammates who do the same.</p></li><li><p style=\"min-height:1.5em\"><strong>Skeptical: </strong>You push back on rules that don\u00e2\u0080\u0099t make sense and question assumptions that haven\u00e2\u0080\u0099t earned their place.</p></li></ul><br/><br/>Please mention the word **READABLE** and tag RMTk3LjE1Ni43MS42NQ== when applying to show you read the job post completely (#RMTk3LjE1Ni43MS42NQ==). This is a beta feature to avoid spam applicants. Companies can search these words to find applicants that read this and see they're human.",
  "location": "Amsterdam",
  "apply_url": "https://remoteOK.com/remote-jobs/remote-applied-ai-engineer-europe-amigo-1131296",
  "salary_min": 0,
  "salary_max": 0,
  "logo": "",
  "url": "https://remoteOK.com/remote-jobs/remote-applied-ai-engineer-europe-amigo-1131296"
}
  [5/6] Checking leadership changes...
  [6/6] Scoring AI maturity...

  Brief saved to: outputs/hiring_signal_brief_lowmaturity.json
  Segment: abstain (confidence: 0.4)
  AI Maturity: 0/3
  Leadership detected: False (method: mock, confidence: medium)
  Signal confidence summary: {'crunchbase_firmographics': 'low', 'funding_event': 'medium', 'layoff_event': 'low', 'leadership_change': 'medium', 'hiring_velocity': 'low', 'ai_maturity': 'low', 'overall_brief_confidence': 'medium'}
  Honesty flags: ['weak_hiring_velocity_signal', 'weak_ai_maturity_signal', 'tech_stack_inferred_not_confirmed']
  Gap brief saved: outputs/competitor_gap_brief_lowmaturity.json

── Probe 10.2 [Gap Over-claiming] ──
  Hypothesis: Gap brief generated for low-maturity prospect
  Expected:   Should identify meaningful gaps to close
  Actual:     gaps=0
  Status:     ✅ PASS (severity: n/a)

Running enrichment pipeline for: WeakJobs
  [1/6] Looking up Crunchbase data...
  Company 'WeakJobs' not in ODM sample - using mock data
  [2/6] Checking funding events...
  [3/6] Checking layoffs.fyi...
layoffs.csv not found - returning no layoff signal
  [4/6] Fetching job posts...
Fetching jobs from RemoteOK...
Total jobs fetched: 99
Sample job structure:
{
  "slug": "remote-applied-ai-engineer-europe-amigo-1131296",
  "id": "1131296",
  "epoch": 1776960017,
  "date": "2026-04-23T16:00:17+00:00",
  "company": "Amigo",
  "company_logo": "",
  "position": "Applied AI Engineer Europe",
  "tags": [
    "system",
    "python",
    "technical",
    "support",
    "software",
    "testing",
    "code",
    "investment",
    "git",
    "api",
    "leader",
    "operational",
    "reliability",
    "go",
    "health",
    "healthcare",
    "engineer",
    "engineering"
  ],
  "description": "<h1>About Amigo</h1><p style=\"min-height:1.5em\">Amigo partners with healthcare organizations to deploy robust AI infrastructure that directly serves patients and providers. Our agents handle clinical workflows and patient engagement across the entire journey: pre-visit intake, care navigation, post-visit care plans, patient monitoring, and more.</p><p style=\"min-height:1.5em\">We're fresh off our Series A backed by Tier 1 investors like Madrona, General Catalyst, and Optum Ventures. Our work is validated with leading academic medical institutions. Our agents have reached 3M+ patient encounters and are on track to 10x this year.</p><h1>About this role</h1><p style=\"min-height:1.5em\">The Applied AI Engineer role at Amigo is a launchpad. You'll ship production AI agents end-to-end \u00e2\u0080\u0094 writing the code, shaping product decisions, and sitting with customers as they deploy \u00e2\u0080\u0094 and in doing so, you'll build the exact skill set that opens doors to the next chapter of your career at Amigo.</p><p style=\"min-height:1.5em\"><strong>This role is designed to help you grow into other parts of the company.</strong> Applied AI Engineers move into one of four paths within 6\u00e2\u0080\u009312 months:</p><p style=\"min-height:1.5em\"></p><ul style=\"min-height:1.5em\"><li><p style=\"min-height:1.5em\"><strong>Applied AI</strong>: stay in the org; go deeper on agent architecture, verification frameworks, and the hardest customer problems; become a technical leader on the applied team</p></li><li><p style=\"min-height:1.5em\"><strong>Product Management</strong>: if you gravitate toward roadmap, discovery, and shaping what we build next</p></li><li><p style=\"min-height:1.5em\"><strong>Sales Engineering</strong>: if you thrive in pre-sales, technical storytelling, and closing enterprise deals</p></li><li><p style=\"min-height:1.5em\"><strong>Software Engineering</strong>: if you want to go deeper on platform, infrastructure, and core systems</p></li></ul><p style=\"min-height:1.5em\"></p><p style=\"min-height:1.5em\">You won't have to guess which fits. This role will actively help you explore each path, give you projects that stretch in those directions, and sponsor the internal transition when you're ready. People who want to stay on the applied side long-term can do that too \u00e2\u0080\u0094 but this role is explicitly built so you don't have to.</p><h1>What you'll do</h1><ul style=\"min-height:1.5em\"><li><p style=\"min-height:1.5em\">Implement context graphs that enable agents to select the right reasoning mode (lookup, pattern recognition, exploration) based on problem complexity</p></li><li><p style=\"min-height:1.5em\">Build and optimize agent configurations, including static personas, dynamic behaviors, and functional memory systems</p></li><li><p style=\"min-height:1.5em\">Design bounded Operational Patient Domains (OPDs) with explicit inclusions, exclusions, capabilities, and escalation rules</p></li><li><p style=\"min-height:1.5em\">Implement verification loops and simulation-based testing to validate agent performance against customer KPIs</p></li><li><p style=\"min-height:1.5em\">Write Python code for tool integrations and API orchestration within customer environments</p></li><li><p style=\"min-height:1.5em\">Build evaluation suites that gate deployments using customer-specific success metrics</p></li><li><p style=\"min-height:1.5em\">Collaborate with domain experts through structured interviews to capture reasoning patterns and clinical protocols</p></li><li><p style=\"min-height:1.5em\">Support technical power users through git-based workflows for rapid iteration</p></li><li><p style=\"min-height:1.5em\">Implement adversarial testing to systematically identify and prevent failure modes</p></li><li><p style=\"min-height:1.5em\">Ensure agents maintain audit-ready provenance with version pinning and evidence links</p></li><li><p style=\"min-height:1.5em\">Contribute to systematizing implementation patterns across different problem domains</p></li></ul><h1>What we're looking for</h1><ul style=\"min-height:1.5em\"><li><p style=\"min-height:1.5em\">2+ years of production software engineering experience</p></li><li><p style=\"min-height:1.5em\">Strong Python skills including proper use of typing, and experience building highly reliable systems that interact with external APIs (schema design, retry strategies, error propagation)</p></li><li><p style=\"min-height:1.5em\">Experience with LLMs, prompt engineering, and building on AI platforms</p></li><li><p style=\"min-height:1.5em\">Ability to implement systems with strict reliability requirements</p></li><li><p style=\"min-height:1.5em\">Understanding of testing and verification methodologies</p></li><li><p style=\"min-height:1.5em\">Experience working directly with customers or stakeholders to deliver technical solutions</p></li><li><p style=\"min-height:1.5em\">Familiarity with git workflows and collaborative development</p></li><li><p style=\"min-height:1.5em\">Strong debugging and problem-solving skills for complex systems</p></li><li><p style=\"min-height:1.5em\">Ability to balance theoretical concepts with practical implementation constraints</p></li><li><p style=\"min-height:1.5em\">Clear technical communication for both engineering and non-technical audiences</p></li></ul><h1>Nice to have</h1><ul style=\"min-height:1.5em\"><li><p style=\"min-height:1.5em\">Experience in regulated industries (healthcare, finance, legal)</p></li><li><p style=\"min-height:1.5em\">Background with simulation, synthetic data, or evaluation frameworks</p></li><li><p style=\"min-height:1.5em\">Understanding of distributed systems and service-oriented architectures</p></li><li><p style=\"min-height:1.5em\">Experience with observability and monitoring in production environments</p></li><li><p style=\"min-height:1.5em\">Familiarity with compliance requirements (HIPAA, SOC 2, GDPR) </p></li></ul><h1>Benefits</h1><p style=\"min-height:1.5em\"></p><h2>Health &amp; Wellness</h2><ul style=\"min-height:1.5em\"><li><p style=\"min-height:1.5em\">Comprehensive health, dental, and vision insurance</p></li><li><p style=\"min-height:1.5em\">Daily catered lunch and dinner</p></li><li><p style=\"min-height:1.5em\">Mental health support and wellness coaching</p></li><li><p style=\"min-height:1.5em\">Flexible wellness stipend for fitness, therapy, or personal growth</p></li></ul><h2>Growth &amp; Development</h2><ul style=\"min-height:1.5em\"><li><p style=\"min-height:1.5em\">Annual learning budget for courses, books, or conferences</p></li><li><p style=\"min-height:1.5em\">Conference attendance budget for professional development</p></li><li><p style=\"min-height:1.5em\">Annual team offsite</p></li><li><p style=\"min-height:1.5em\">Academic collaboration opportunities</p></li><li><p style=\"min-height:1.5em\">Unlimited PTO</p></li></ul><p style=\"min-height:1.5em\"></p><h1>Our Core Values</h1><ol style=\"min-height:1.5em\"><li><p style=\"min-height:1.5em\"><strong>Patients Win, We Win</strong></p><p style=\"min-height:1.5em\">If patients aren't getting better care, we haven't earned the right to scale. Every internal decision gets pressure-tested: does this make patients' lives better? If we can't draw the line, we question why we're doing it.</p></li><li><p style=\"min-height:1.5em\"><strong>High Standards, High Care</strong></p><p style=\"min-height:1.5em\">We hold a high bar for the team because patients are counting on us to get this right. But high standards only work with genuine investment in each other. You can take risks, admit mistakes, and challenge ideas\u00e2\u0080\u0094not despite our standards, but because of them.</p></li><li><p style=\"min-height:1.5em\"><strong>Thoughtful Urgency</strong></p><p style=\"min-height:1.5em\">We move fast by default, but speed without judgment is recklessness. The discipline is knowing which decisions are reversible vs. not. In healthcare AI, the companies that win will be fast everywhere they can be and careful everywhere they must be. We build the muscle to do both.</p></li><li><p style=\"min-height:1.5em\"><strong>Intensely Measured</strong></p><p style=\"min-height:1.5em\">We instrument patient outcomes, provider ROI, system performance, and clinical accuracy. But data without action is surveillance. Every metric should have an owner, a threshold, and a response plan. If we're measuring something but never acting on it, we stop measuring it.</p><p style=\"min-height:1.5em\"></p></li></ol><h1>Who Builds With Us</h1><ul style=\"min-height:1.5em\"><li><p style=\"min-height:1.5em\"><strong>Low ego: </strong>Politics and territory don't interest you. The best ideas win, regardless of who has them.</p></li><li><p style=\"min-height:1.5em\"><strong>Direct: </strong>You say the hard thing, challenge ideas openly, and commit fully once decided.</p></li><li><p style=\"min-height:1.5em\"><strong>High agency: </strong>You thrive on trust rather than instruction. When you see something is broken, you fix it. You don\u00e2\u0080\u0099t file tickets and wait for someone else.</p></li><li><p style=\"min-height:1.5em\"><strong>Bar of excellence: </strong>You hold yourself to a bar most people wouldn't, and you want teammates who do the same.</p></li><li><p style=\"min-height:1.5em\"><strong>Skeptical: </strong>You push back on rules that don\u00e2\u0080\u0099t make sense and question assumptions that haven\u00e2\u0080\u0099t earned their place.</p></li></ul><br/><br/>Please mention the word **READABLE** and tag RMTk3LjE1Ni43MS42NQ== when applying to show you read the job post completely (#RMTk3LjE1Ni43MS42NQ==). This is a beta feature to avoid spam applicants. Companies can search these words to find applicants that read this and see they're human.",
  "location": "Amsterdam",
  "apply_url": "https://remoteOK.com/remote-jobs/remote-applied-ai-engineer-europe-amigo-1131296",
  "salary_min": 0,
  "salary_max": 0,
  "logo": "",
  "url": "https://remoteOK.com/remote-jobs/remote-applied-ai-engineer-europe-amigo-1131296"
}
  [5/6] Checking leadership changes...
  [6/6] Scoring AI maturity...

  Brief saved to: outputs/hiring_signal_brief_weakjobs.json
  Segment: abstain (confidence: 0.4)
  AI Maturity: 0/3
  Leadership detected: False (method: mock, confidence: medium)
  Signal confidence summary: {'crunchbase_firmographics': 'low', 'funding_event': 'medium', 'layoff_event': 'low', 'leadership_change': 'medium', 'hiring_velocity': 'low', 'ai_maturity': 'low', 'overall_brief_confidence': 'medium'}
  Honesty flags: ['weak_hiring_velocity_signal', 'weak_ai_maturity_signal', 'tech_stack_inferred_not_confirmed']

── Probe 2.6 [Signal Over-claiming] ──
  Hypothesis: Honesty flag fires for weak hiring velocity
  Expected:   weak_hiring_velocity_signal in honesty_flags
  Actual:     flags=['weak_hiring_velocity_signal', 'weak_ai_maturity_signal', 'tech_stack_inferred_not_confirmed']
  Status:     ✅ PASS (severity: MEDIUM)

Running enrichment pipeline for: WeakAI
  [1/6] Looking up Crunchbase data...
  Company 'WeakAI' not in ODM sample - using mock data
  [2/6] Checking funding events...
  [3/6] Checking layoffs.fyi...
layoffs.csv not found - returning no layoff signal
  [4/6] Fetching job posts...
Fetching jobs from RemoteOK...
Total jobs fetched: 99
Sample job structure:
{
  "slug": "remote-applied-ai-engineer-europe-amigo-1131296",
  "id": "1131296",
  "epoch": 1776960017,
  "date": "2026-04-23T16:00:17+00:00",
  "company": "Amigo",
  "company_logo": "",
  "position": "Applied AI Engineer Europe",
  "tags": [
    "system",
    "python",
    "technical",
    "support",
    "software",
    "testing",
    "code",
    "investment",
    "git",
    "api",
    "leader",
    "operational",
    "reliability",
    "go",
    "health",
    "healthcare",
    "engineer",
    "engineering"
  ],
  "description": "<h1>About Amigo</h1><p style=\"min-height:1.5em\">Amigo partners with healthcare organizations to deploy robust AI infrastructure that directly serves patients and providers. Our agents handle clinical workflows and patient engagement across the entire journey: pre-visit intake, care navigation, post-visit care plans, patient monitoring, and more.</p><p style=\"min-height:1.5em\">We're fresh off our Series A backed by Tier 1 investors like Madrona, General Catalyst, and Optum Ventures. Our work is validated with leading academic medical institutions. Our agents have reached 3M+ patient encounters and are on track to 10x this year.</p><h1>About this role</h1><p style=\"min-height:1.5em\">The Applied AI Engineer role at Amigo is a launchpad. You'll ship production AI agents end-to-end \u00e2\u0080\u0094 writing the code, shaping product decisions, and sitting with customers as they deploy \u00e2\u0080\u0094 and in doing so, you'll build the exact skill set that opens doors to the next chapter of your career at Amigo.</p><p style=\"min-height:1.5em\"><strong>This role is designed to help you grow into other parts of the company.</strong> Applied AI Engineers move into one of four paths within 6\u00e2\u0080\u009312 months:</p><p style=\"min-height:1.5em\"></p><ul style=\"min-height:1.5em\"><li><p style=\"min-height:1.5em\"><strong>Applied AI</strong>: stay in the org; go deeper on agent architecture, verification frameworks, and the hardest customer problems; become a technical leader on the applied team</p></li><li><p style=\"min-height:1.5em\"><strong>Product Management</strong>: if you gravitate toward roadmap, discovery, and shaping what we build next</p></li><li><p style=\"min-height:1.5em\"><strong>Sales Engineering</strong>: if you thrive in pre-sales, technical storytelling, and closing enterprise deals</p></li><li><p style=\"min-height:1.5em\"><strong>Software Engineering</strong>: if you want to go deeper on platform, infrastructure, and core systems</p></li></ul><p style=\"min-height:1.5em\"></p><p style=\"min-height:1.5em\">You won't have to guess which fits. This role will actively help you explore each path, give you projects that stretch in those directions, and sponsor the internal transition when you're ready. People who want to stay on the applied side long-term can do that too \u00e2\u0080\u0094 but this role is explicitly built so you don't have to.</p><h1>What you'll do</h1><ul style=\"min-height:1.5em\"><li><p style=\"min-height:1.5em\">Implement context graphs that enable agents to select the right reasoning mode (lookup, pattern recognition, exploration) based on problem complexity</p></li><li><p style=\"min-height:1.5em\">Build and optimize agent configurations, including static personas, dynamic behaviors, and functional memory systems</p></li><li><p style=\"min-height:1.5em\">Design bounded Operational Patient Domains (OPDs) with explicit inclusions, exclusions, capabilities, and escalation rules</p></li><li><p style=\"min-height:1.5em\">Implement verification loops and simulation-based testing to validate agent performance against customer KPIs</p></li><li><p style=\"min-height:1.5em\">Write Python code for tool integrations and API orchestration within customer environments</p></li><li><p style=\"min-height:1.5em\">Build evaluation suites that gate deployments using customer-specific success metrics</p></li><li><p style=\"min-height:1.5em\">Collaborate with domain experts through structured interviews to capture reasoning patterns and clinical protocols</p></li><li><p style=\"min-height:1.5em\">Support technical power users through git-based workflows for rapid iteration</p></li><li><p style=\"min-height:1.5em\">Implement adversarial testing to systematically identify and prevent failure modes</p></li><li><p style=\"min-height:1.5em\">Ensure agents maintain audit-ready provenance with version pinning and evidence links</p></li><li><p style=\"min-height:1.5em\">Contribute to systematizing implementation patterns across different problem domains</p></li></ul><h1>What we're looking for</h1><ul style=\"min-height:1.5em\"><li><p style=\"min-height:1.5em\">2+ years of production software engineering experience</p></li><li><p style=\"min-height:1.5em\">Strong Python skills including proper use of typing, and experience building highly reliable systems that interact with external APIs (schema design, retry strategies, error propagation)</p></li><li><p style=\"min-height:1.5em\">Experience with LLMs, prompt engineering, and building on AI platforms</p></li><li><p style=\"min-height:1.5em\">Ability to implement systems with strict reliability requirements</p></li><li><p style=\"min-height:1.5em\">Understanding of testing and verification methodologies</p></li><li><p style=\"min-height:1.5em\">Experience working directly with customers or stakeholders to deliver technical solutions</p></li><li><p style=\"min-height:1.5em\">Familiarity with git workflows and collaborative development</p></li><li><p style=\"min-height:1.5em\">Strong debugging and problem-solving skills for complex systems</p></li><li><p style=\"min-height:1.5em\">Ability to balance theoretical concepts with practical implementation constraints</p></li><li><p style=\"min-height:1.5em\">Clear technical communication for both engineering and non-technical audiences</p></li></ul><h1>Nice to have</h1><ul style=\"min-height:1.5em\"><li><p style=\"min-height:1.5em\">Experience in regulated industries (healthcare, finance, legal)</p></li><li><p style=\"min-height:1.5em\">Background with simulation, synthetic data, or evaluation frameworks</p></li><li><p style=\"min-height:1.5em\">Understanding of distributed systems and service-oriented architectures</p></li><li><p style=\"min-height:1.5em\">Experience with observability and monitoring in production environments</p></li><li><p style=\"min-height:1.5em\">Familiarity with compliance requirements (HIPAA, SOC 2, GDPR) </p></li></ul><h1>Benefits</h1><p style=\"min-height:1.5em\"></p><h2>Health &amp; Wellness</h2><ul style=\"min-height:1.5em\"><li><p style=\"min-height:1.5em\">Comprehensive health, dental, and vision insurance</p></li><li><p style=\"min-height:1.5em\">Daily catered lunch and dinner</p></li><li><p style=\"min-height:1.5em\">Mental health support and wellness coaching</p></li><li><p style=\"min-height:1.5em\">Flexible wellness stipend for fitness, therapy, or personal growth</p></li></ul><h2>Growth &amp; Development</h2><ul style=\"min-height:1.5em\"><li><p style=\"min-height:1.5em\">Annual learning budget for courses, books, or conferences</p></li><li><p style=\"min-height:1.5em\">Conference attendance budget for professional development</p></li><li><p style=\"min-height:1.5em\">Annual team offsite</p></li><li><p style=\"min-height:1.5em\">Academic collaboration opportunities</p></li><li><p style=\"min-height:1.5em\">Unlimited PTO</p></li></ul><p style=\"min-height:1.5em\"></p><h1>Our Core Values</h1><ol style=\"min-height:1.5em\"><li><p style=\"min-height:1.5em\"><strong>Patients Win, We Win</strong></p><p style=\"min-height:1.5em\">If patients aren't getting better care, we haven't earned the right to scale. Every internal decision gets pressure-tested: does this make patients' lives better? If we can't draw the line, we question why we're doing it.</p></li><li><p style=\"min-height:1.5em\"><strong>High Standards, High Care</strong></p><p style=\"min-height:1.5em\">We hold a high bar for the team because patients are counting on us to get this right. But high standards only work with genuine investment in each other. You can take risks, admit mistakes, and challenge ideas\u00e2\u0080\u0094not despite our standards, but because of them.</p></li><li><p style=\"min-height:1.5em\"><strong>Thoughtful Urgency</strong></p><p style=\"min-height:1.5em\">We move fast by default, but speed without judgment is recklessness. The discipline is knowing which decisions are reversible vs. not. In healthcare AI, the companies that win will be fast everywhere they can be and careful everywhere they must be. We build the muscle to do both.</p></li><li><p style=\"min-height:1.5em\"><strong>Intensely Measured</strong></p><p style=\"min-height:1.5em\">We instrument patient outcomes, provider ROI, system performance, and clinical accuracy. But data without action is surveillance. Every metric should have an owner, a threshold, and a response plan. If we're measuring something but never acting on it, we stop measuring it.</p><p style=\"min-height:1.5em\"></p></li></ol><h1>Who Builds With Us</h1><ul style=\"min-height:1.5em\"><li><p style=\"min-height:1.5em\"><strong>Low ego: </strong>Politics and territory don't interest you. The best ideas win, regardless of who has them.</p></li><li><p style=\"min-height:1.5em\"><strong>Direct: </strong>You say the hard thing, challenge ideas openly, and commit fully once decided.</p></li><li><p style=\"min-height:1.5em\"><strong>High agency: </strong>You thrive on trust rather than instruction. When you see something is broken, you fix it. You don\u00e2\u0080\u0099t file tickets and wait for someone else.</p></li><li><p style=\"min-height:1.5em\"><strong>Bar of excellence: </strong>You hold yourself to a bar most people wouldn't, and you want teammates who do the same.</p></li><li><p style=\"min-height:1.5em\"><strong>Skeptical: </strong>You push back on rules that don\u00e2\u0080\u0099t make sense and question assumptions that haven\u00e2\u0080\u0099t earned their place.</p></li></ul><br/><br/>Please mention the word **READABLE** and tag RMTk3LjE1Ni43MS42NQ== when applying to show you read the job post completely (#RMTk3LjE1Ni43MS42NQ==). This is a beta feature to avoid spam applicants. Companies can search these words to find applicants that read this and see they're human.",
  "location": "Amsterdam",
  "apply_url": "https://remoteOK.com/remote-jobs/remote-applied-ai-engineer-europe-amigo-1131296",
  "salary_min": 0,
  "salary_max": 0,
  "logo": "",
  "url": "https://remoteOK.com/remote-jobs/remote-applied-ai-engineer-europe-amigo-1131296"
}
  [5/6] Checking leadership changes...
  [6/6] Scoring AI maturity...

  Brief saved to: outputs/hiring_signal_brief_weakai.json
  Segment: abstain (confidence: 0.4)
  AI Maturity: 0/3
  Leadership detected: False (method: mock, confidence: medium)
  Signal confidence summary: {'crunchbase_firmographics': 'low', 'funding_event': 'medium', 'layoff_event': 'low', 'leadership_change': 'medium', 'hiring_velocity': 'low', 'ai_maturity': 'low', 'overall_brief_confidence': 'medium'}
  Honesty flags: ['weak_hiring_velocity_signal', 'weak_ai_maturity_signal', 'tech_stack_inferred_not_confirmed']

── Probe 2.7 [Signal Over-claiming] ──
  Hypothesis: Honesty flag fires for weak AI maturity
  Expected:   weak_ai_maturity_signal in honesty_flags
  Actual:     flags=['weak_hiring_velocity_signal', 'weak_ai_maturity_signal', 'tech_stack_inferred_not_confirmed']
  Status:     ✅ PASS (severity: HIGH)

Running enrichment pipeline for: NotInODM
  [1/6] Looking up Crunchbase data...
  Company 'NotInODM' not in ODM sample - using mock data
  [2/6] Checking funding events...
  [3/6] Checking layoffs.fyi...
layoffs.csv not found - returning no layoff signal
  [4/6] Fetching job posts...
Fetching jobs from RemoteOK...
Total jobs fetched: 99
Sample job structure:
{
  "slug": "remote-applied-ai-engineer-europe-amigo-1131296",
  "id": "1131296",
  "epoch": 1776960017,
  "date": "2026-04-23T16:00:17+00:00",
  "company": "Amigo",
  "company_logo": "",
  "position": "Applied AI Engineer Europe",
  "tags": [
    "system",
    "python",
    "technical",
    "support",
    "software",
    "testing",
    "code",
    "investment",
    "git",
    "api",
    "leader",
    "operational",
    "reliability",
    "go",
    "health",
    "healthcare",
    "engineer",
    "engineering"
  ],
  "description": "<h1>About Amigo</h1><p style=\"min-height:1.5em\">Amigo partners with healthcare organizations to deploy robust AI infrastructure that directly serves patients and providers. Our agents handle clinical workflows and patient engagement across the entire journey: pre-visit intake, care navigation, post-visit care plans, patient monitoring, and more.</p><p style=\"min-height:1.5em\">We're fresh off our Series A backed by Tier 1 investors like Madrona, General Catalyst, and Optum Ventures. Our work is validated with leading academic medical institutions. Our agents have reached 3M+ patient encounters and are on track to 10x this year.</p><h1>About this role</h1><p style=\"min-height:1.5em\">The Applied AI Engineer role at Amigo is a launchpad. You'll ship production AI agents end-to-end \u00e2\u0080\u0094 writing the code, shaping product decisions, and sitting with customers as they deploy \u00e2\u0080\u0094 and in doing so, you'll build the exact skill set that opens doors to the next chapter of your career at Amigo.</p><p style=\"min-height:1.5em\"><strong>This role is designed to help you grow into other parts of the company.</strong> Applied AI Engineers move into one of four paths within 6\u00e2\u0080\u009312 months:</p><p style=\"min-height:1.5em\"></p><ul style=\"min-height:1.5em\"><li><p style=\"min-height:1.5em\"><strong>Applied AI</strong>: stay in the org; go deeper on agent architecture, verification frameworks, and the hardest customer problems; become a technical leader on the applied team</p></li><li><p style=\"min-height:1.5em\"><strong>Product Management</strong>: if you gravitate toward roadmap, discovery, and shaping what we build next</p></li><li><p style=\"min-height:1.5em\"><strong>Sales Engineering</strong>: if you thrive in pre-sales, technical storytelling, and closing enterprise deals</p></li><li><p style=\"min-height:1.5em\"><strong>Software Engineering</strong>: if you want to go deeper on platform, infrastructure, and core systems</p></li></ul><p style=\"min-height:1.5em\"></p><p style=\"min-height:1.5em\">You won't have to guess which fits. This role will actively help you explore each path, give you projects that stretch in those directions, and sponsor the internal transition when you're ready. People who want to stay on the applied side long-term can do that too \u00e2\u0080\u0094 but this role is explicitly built so you don't have to.</p><h1>What you'll do</h1><ul style=\"min-height:1.5em\"><li><p style=\"min-height:1.5em\">Implement context graphs that enable agents to select the right reasoning mode (lookup, pattern recognition, exploration) based on problem complexity</p></li><li><p style=\"min-height:1.5em\">Build and optimize agent configurations, including static personas, dynamic behaviors, and functional memory systems</p></li><li><p style=\"min-height:1.5em\">Design bounded Operational Patient Domains (OPDs) with explicit inclusions, exclusions, capabilities, and escalation rules</p></li><li><p style=\"min-height:1.5em\">Implement verification loops and simulation-based testing to validate agent performance against customer KPIs</p></li><li><p style=\"min-height:1.5em\">Write Python code for tool integrations and API orchestration within customer environments</p></li><li><p style=\"min-height:1.5em\">Build evaluation suites that gate deployments using customer-specific success metrics</p></li><li><p style=\"min-height:1.5em\">Collaborate with domain experts through structured interviews to capture reasoning patterns and clinical protocols</p></li><li><p style=\"min-height:1.5em\">Support technical power users through git-based workflows for rapid iteration</p></li><li><p style=\"min-height:1.5em\">Implement adversarial testing to systematically identify and prevent failure modes</p></li><li><p style=\"min-height:1.5em\">Ensure agents maintain audit-ready provenance with version pinning and evidence links</p></li><li><p style=\"min-height:1.5em\">Contribute to systematizing implementation patterns across different problem domains</p></li></ul><h1>What we're looking for</h1><ul style=\"min-height:1.5em\"><li><p style=\"min-height:1.5em\">2+ years of production software engineering experience</p></li><li><p style=\"min-height:1.5em\">Strong Python skills including proper use of typing, and experience building highly reliable systems that interact with external APIs (schema design, retry strategies, error propagation)</p></li><li><p style=\"min-height:1.5em\">Experience with LLMs, prompt engineering, and building on AI platforms</p></li><li><p style=\"min-height:1.5em\">Ability to implement systems with strict reliability requirements</p></li><li><p style=\"min-height:1.5em\">Understanding of testing and verification methodologies</p></li><li><p style=\"min-height:1.5em\">Experience working directly with customers or stakeholders to deliver technical solutions</p></li><li><p style=\"min-height:1.5em\">Familiarity with git workflows and collaborative development</p></li><li><p style=\"min-height:1.5em\">Strong debugging and problem-solving skills for complex systems</p></li><li><p style=\"min-height:1.5em\">Ability to balance theoretical concepts with practical implementation constraints</p></li><li><p style=\"min-height:1.5em\">Clear technical communication for both engineering and non-technical audiences</p></li></ul><h1>Nice to have</h1><ul style=\"min-height:1.5em\"><li><p style=\"min-height:1.5em\">Experience in regulated industries (healthcare, finance, legal)</p></li><li><p style=\"min-height:1.5em\">Background with simulation, synthetic data, or evaluation frameworks</p></li><li><p style=\"min-height:1.5em\">Understanding of distributed systems and service-oriented architectures</p></li><li><p style=\"min-height:1.5em\">Experience with observability and monitoring in production environments</p></li><li><p style=\"min-height:1.5em\">Familiarity with compliance requirements (HIPAA, SOC 2, GDPR) </p></li></ul><h1>Benefits</h1><p style=\"min-height:1.5em\"></p><h2>Health &amp; Wellness</h2><ul style=\"min-height:1.5em\"><li><p style=\"min-height:1.5em\">Comprehensive health, dental, and vision insurance</p></li><li><p style=\"min-height:1.5em\">Daily catered lunch and dinner</p></li><li><p style=\"min-height:1.5em\">Mental health support and wellness coaching</p></li><li><p style=\"min-height:1.5em\">Flexible wellness stipend for fitness, therapy, or personal growth</p></li></ul><h2>Growth &amp; Development</h2><ul style=\"min-height:1.5em\"><li><p style=\"min-height:1.5em\">Annual learning budget for courses, books, or conferences</p></li><li><p style=\"min-height:1.5em\">Conference attendance budget for professional development</p></li><li><p style=\"min-height:1.5em\">Annual team offsite</p></li><li><p style=\"min-height:1.5em\">Academic collaboration opportunities</p></li><li><p style=\"min-height:1.5em\">Unlimited PTO</p></li></ul><p style=\"min-height:1.5em\"></p><h1>Our Core Values</h1><ol style=\"min-height:1.5em\"><li><p style=\"min-height:1.5em\"><strong>Patients Win, We Win</strong></p><p style=\"min-height:1.5em\">If patients aren't getting better care, we haven't earned the right to scale. Every internal decision gets pressure-tested: does this make patients' lives better? If we can't draw the line, we question why we're doing it.</p></li><li><p style=\"min-height:1.5em\"><strong>High Standards, High Care</strong></p><p style=\"min-height:1.5em\">We hold a high bar for the team because patients are counting on us to get this right. But high standards only work with genuine investment in each other. You can take risks, admit mistakes, and challenge ideas\u00e2\u0080\u0094not despite our standards, but because of them.</p></li><li><p style=\"min-height:1.5em\"><strong>Thoughtful Urgency</strong></p><p style=\"min-height:1.5em\">We move fast by default, but speed without judgment is recklessness. The discipline is knowing which decisions are reversible vs. not. In healthcare AI, the companies that win will be fast everywhere they can be and careful everywhere they must be. We build the muscle to do both.</p></li><li><p style=\"min-height:1.5em\"><strong>Intensely Measured</strong></p><p style=\"min-height:1.5em\">We instrument patient outcomes, provider ROI, system performance, and clinical accuracy. But data without action is surveillance. Every metric should have an owner, a threshold, and a response plan. If we're measuring something but never acting on it, we stop measuring it.</p><p style=\"min-height:1.5em\"></p></li></ol><h1>Who Builds With Us</h1><ul style=\"min-height:1.5em\"><li><p style=\"min-height:1.5em\"><strong>Low ego: </strong>Politics and territory don't interest you. The best ideas win, regardless of who has them.</p></li><li><p style=\"min-height:1.5em\"><strong>Direct: </strong>You say the hard thing, challenge ideas openly, and commit fully once decided.</p></li><li><p style=\"min-height:1.5em\"><strong>High agency: </strong>You thrive on trust rather than instruction. When you see something is broken, you fix it. You don\u00e2\u0080\u0099t file tickets and wait for someone else.</p></li><li><p style=\"min-height:1.5em\"><strong>Bar of excellence: </strong>You hold yourself to a bar most people wouldn't, and you want teammates who do the same.</p></li><li><p style=\"min-height:1.5em\"><strong>Skeptical: </strong>You push back on rules that don\u00e2\u0080\u0099t make sense and question assumptions that haven\u00e2\u0080\u0099t earned their place.</p></li></ul><br/><br/>Please mention the word **READABLE** and tag RMTk3LjE1Ni43MS42NQ== when applying to show you read the job post completely (#RMTk3LjE1Ni43MS42NQ==). This is a beta feature to avoid spam applicants. Companies can search these words to find applicants that read this and see they're human.",
  "location": "Amsterdam",
  "apply_url": "https://remoteOK.com/remote-jobs/remote-applied-ai-engineer-europe-amigo-1131296",
  "salary_min": 0,
  "salary_max": 0,
  "logo": "",
  "url": "https://remoteOK.com/remote-jobs/remote-applied-ai-engineer-europe-amigo-1131296"
}
  [5/6] Checking leadership changes...
  [6/6] Scoring AI maturity...

  Brief saved to: outputs/hiring_signal_brief_notinodm.json
  Segment: segment_4_specialized_capability (confidence: 0.7)
  AI Maturity: 2/3
  Leadership detected: False (method: mock, confidence: medium)
  Signal confidence summary: {'crunchbase_firmographics': 'low', 'funding_event': 'medium', 'layoff_event': 'low', 'leadership_change': 'medium', 'hiring_velocity': 'low', 'ai_maturity': 'medium', 'overall_brief_confidence': 'high'}
  Honesty flags: ['weak_hiring_velocity_signal', 'tech_stack_inferred_not_confirmed']

── Probe 2.8 [Signal Over-claiming] ──
  Hypothesis: tech_stack_inferred_not_confirmed flag fires for mock companies
  Expected:   Flag in honesty_flags when company not in ODM
  Actual:     flags=['weak_hiring_velocity_signal', 'tech_stack_inferred_not_confirmed']
  Status:     ✅ PASS (severity: MEDIUM)

Running enrichment pipeline for: EmptySignals
  [1/6] Looking up Crunchbase data...
  Company 'EmptySignals' not in ODM sample - using mock data
  [2/6] Checking funding events...
  [3/6] Checking layoffs.fyi...
layoffs.csv not found - returning no layoff signal
  [4/6] Fetching job posts...
Fetching jobs from RemoteOK...
Total jobs fetched: 99
Sample job structure:
{
  "slug": "remote-applied-ai-engineer-europe-amigo-1131296",
  "id": "1131296",
  "epoch": 1776960017,
  "date": "2026-04-23T16:00:17+00:00",
  "company": "Amigo",
  "company_logo": "",
  "position": "Applied AI Engineer Europe",
  "tags": [
    "system",
    "python",
    "technical",
    "support",
    "software",
    "testing",
    "code",
    "investment",
    "git",
    "api",
    "leader",
    "operational",
    "reliability",
    "go",
    "health",
    "healthcare",
    "engineer",
    "engineering"
  ],
  "description": "<h1>About Amigo</h1><p style=\"min-height:1.5em\">Amigo partners with healthcare organizations to deploy robust AI infrastructure that directly serves patients and providers. Our agents handle clinical workflows and patient engagement across the entire journey: pre-visit intake, care navigation, post-visit care plans, patient monitoring, and more.</p><p style=\"min-height:1.5em\">We're fresh off our Series A backed by Tier 1 investors like Madrona, General Catalyst, and Optum Ventures. Our work is validated with leading academic medical institutions. Our agents have reached 3M+ patient encounters and are on track to 10x this year.</p><h1>About this role</h1><p style=\"min-height:1.5em\">The Applied AI Engineer role at Amigo is a launchpad. You'll ship production AI agents end-to-end \u00e2\u0080\u0094 writing the code, shaping product decisions, and sitting with customers as they deploy \u00e2\u0080\u0094 and in doing so, you'll build the exact skill set that opens doors to the next chapter of your career at Amigo.</p><p style=\"min-height:1.5em\"><strong>This role is designed to help you grow into other parts of the company.</strong> Applied AI Engineers move into one of four paths within 6\u00e2\u0080\u009312 months:</p><p style=\"min-height:1.5em\"></p><ul style=\"min-height:1.5em\"><li><p style=\"min-height:1.5em\"><strong>Applied AI</strong>: stay in the org; go deeper on agent architecture, verification frameworks, and the hardest customer problems; become a technical leader on the applied team</p></li><li><p style=\"min-height:1.5em\"><strong>Product Management</strong>: if you gravitate toward roadmap, discovery, and shaping what we build next</p></li><li><p style=\"min-height:1.5em\"><strong>Sales Engineering</strong>: if you thrive in pre-sales, technical storytelling, and closing enterprise deals</p></li><li><p style=\"min-height:1.5em\"><strong>Software Engineering</strong>: if you want to go deeper on platform, infrastructure, and core systems</p></li></ul><p style=\"min-height:1.5em\"></p><p style=\"min-height:1.5em\">You won't have to guess which fits. This role will actively help you explore each path, give you projects that stretch in those directions, and sponsor the internal transition when you're ready. People who want to stay on the applied side long-term can do that too \u00e2\u0080\u0094 but this role is explicitly built so you don't have to.</p><h1>What you'll do</h1><ul style=\"min-height:1.5em\"><li><p style=\"min-height:1.5em\">Implement context graphs that enable agents to select the right reasoning mode (lookup, pattern recognition, exploration) based on problem complexity</p></li><li><p style=\"min-height:1.5em\">Build and optimize agent configurations, including static personas, dynamic behaviors, and functional memory systems</p></li><li><p style=\"min-height:1.5em\">Design bounded Operational Patient Domains (OPDs) with explicit inclusions, exclusions, capabilities, and escalation rules</p></li><li><p style=\"min-height:1.5em\">Implement verification loops and simulation-based testing to validate agent performance against customer KPIs</p></li><li><p style=\"min-height:1.5em\">Write Python code for tool integrations and API orchestration within customer environments</p></li><li><p style=\"min-height:1.5em\">Build evaluation suites that gate deployments using customer-specific success metrics</p></li><li><p style=\"min-height:1.5em\">Collaborate with domain experts through structured interviews to capture reasoning patterns and clinical protocols</p></li><li><p style=\"min-height:1.5em\">Support technical power users through git-based workflows for rapid iteration</p></li><li><p style=\"min-height:1.5em\">Implement adversarial testing to systematically identify and prevent failure modes</p></li><li><p style=\"min-height:1.5em\">Ensure agents maintain audit-ready provenance with version pinning and evidence links</p></li><li><p style=\"min-height:1.5em\">Contribute to systematizing implementation patterns across different problem domains</p></li></ul><h1>What we're looking for</h1><ul style=\"min-height:1.5em\"><li><p style=\"min-height:1.5em\">2+ years of production software engineering experience</p></li><li><p style=\"min-height:1.5em\">Strong Python skills including proper use of typing, and experience building highly reliable systems that interact with external APIs (schema design, retry strategies, error propagation)</p></li><li><p style=\"min-height:1.5em\">Experience with LLMs, prompt engineering, and building on AI platforms</p></li><li><p style=\"min-height:1.5em\">Ability to implement systems with strict reliability requirements</p></li><li><p style=\"min-height:1.5em\">Understanding of testing and verification methodologies</p></li><li><p style=\"min-height:1.5em\">Experience working directly with customers or stakeholders to deliver technical solutions</p></li><li><p style=\"min-height:1.5em\">Familiarity with git workflows and collaborative development</p></li><li><p style=\"min-height:1.5em\">Strong debugging and problem-solving skills for complex systems</p></li><li><p style=\"min-height:1.5em\">Ability to balance theoretical concepts with practical implementation constraints</p></li><li><p style=\"min-height:1.5em\">Clear technical communication for both engineering and non-technical audiences</p></li></ul><h1>Nice to have</h1><ul style=\"min-height:1.5em\"><li><p style=\"min-height:1.5em\">Experience in regulated industries (healthcare, finance, legal)</p></li><li><p style=\"min-height:1.5em\">Background with simulation, synthetic data, or evaluation frameworks</p></li><li><p style=\"min-height:1.5em\">Understanding of distributed systems and service-oriented architectures</p></li><li><p style=\"min-height:1.5em\">Experience with observability and monitoring in production environments</p></li><li><p style=\"min-height:1.5em\">Familiarity with compliance requirements (HIPAA, SOC 2, GDPR) </p></li></ul><h1>Benefits</h1><p style=\"min-height:1.5em\"></p><h2>Health &amp; Wellness</h2><ul style=\"min-height:1.5em\"><li><p style=\"min-height:1.5em\">Comprehensive health, dental, and vision insurance</p></li><li><p style=\"min-height:1.5em\">Daily catered lunch and dinner</p></li><li><p style=\"min-height:1.5em\">Mental health support and wellness coaching</p></li><li><p style=\"min-height:1.5em\">Flexible wellness stipend for fitness, therapy, or personal growth</p></li></ul><h2>Growth &amp; Development</h2><ul style=\"min-height:1.5em\"><li><p style=\"min-height:1.5em\">Annual learning budget for courses, books, or conferences</p></li><li><p style=\"min-height:1.5em\">Conference attendance budget for professional development</p></li><li><p style=\"min-height:1.5em\">Annual team offsite</p></li><li><p style=\"min-height:1.5em\">Academic collaboration opportunities</p></li><li><p style=\"min-height:1.5em\">Unlimited PTO</p></li></ul><p style=\"min-height:1.5em\"></p><h1>Our Core Values</h1><ol style=\"min-height:1.5em\"><li><p style=\"min-height:1.5em\"><strong>Patients Win, We Win</strong></p><p style=\"min-height:1.5em\">If patients aren't getting better care, we haven't earned the right to scale. Every internal decision gets pressure-tested: does this make patients' lives better? If we can't draw the line, we question why we're doing it.</p></li><li><p style=\"min-height:1.5em\"><strong>High Standards, High Care</strong></p><p style=\"min-height:1.5em\">We hold a high bar for the team because patients are counting on us to get this right. But high standards only work with genuine investment in each other. You can take risks, admit mistakes, and challenge ideas\u00e2\u0080\u0094not despite our standards, but because of them.</p></li><li><p style=\"min-height:1.5em\"><strong>Thoughtful Urgency</strong></p><p style=\"min-height:1.5em\">We move fast by default, but speed without judgment is recklessness. The discipline is knowing which decisions are reversible vs. not. In healthcare AI, the companies that win will be fast everywhere they can be and careful everywhere they must be. We build the muscle to do both.</p></li><li><p style=\"min-height:1.5em\"><strong>Intensely Measured</strong></p><p style=\"min-height:1.5em\">We instrument patient outcomes, provider ROI, system performance, and clinical accuracy. But data without action is surveillance. Every metric should have an owner, a threshold, and a response plan. If we're measuring something but never acting on it, we stop measuring it.</p><p style=\"min-height:1.5em\"></p></li></ol><h1>Who Builds With Us</h1><ul style=\"min-height:1.5em\"><li><p style=\"min-height:1.5em\"><strong>Low ego: </strong>Politics and territory don't interest you. The best ideas win, regardless of who has them.</p></li><li><p style=\"min-height:1.5em\"><strong>Direct: </strong>You say the hard thing, challenge ideas openly, and commit fully once decided.</p></li><li><p style=\"min-height:1.5em\"><strong>High agency: </strong>You thrive on trust rather than instruction. When you see something is broken, you fix it. You don\u00e2\u0080\u0099t file tickets and wait for someone else.</p></li><li><p style=\"min-height:1.5em\"><strong>Bar of excellence: </strong>You hold yourself to a bar most people wouldn't, and you want teammates who do the same.</p></li><li><p style=\"min-height:1.5em\"><strong>Skeptical: </strong>You push back on rules that don\u00e2\u0080\u0099t make sense and question assumptions that haven\u00e2\u0080\u0099t earned their place.</p></li></ul><br/><br/>Please mention the word **READABLE** and tag RMTk3LjE1Ni43MS42NQ== when applying to show you read the job post completely (#RMTk3LjE1Ni43MS42NQ==). This is a beta feature to avoid spam applicants. Companies can search these words to find applicants that read this and see they're human.",
  "location": "Amsterdam",
  "apply_url": "https://remoteOK.com/remote-jobs/remote-applied-ai-engineer-europe-amigo-1131296",
  "salary_min": 0,
  "salary_max": 0,
  "logo": "",
  "url": "https://remoteOK.com/remote-jobs/remote-applied-ai-engineer-europe-amigo-1131296"
}
  [5/6] Checking leadership changes...
  [6/6] Scoring AI maturity...

  Brief saved to: outputs/hiring_signal_brief_emptysignals.json
  Segment: abstain (confidence: 0.4)
  AI Maturity: 0/3
  Leadership detected: False (method: mock, confidence: medium)
  Signal confidence summary: {'crunchbase_firmographics': 'low', 'funding_event': 'medium', 'layoff_event': 'low', 'leadership_change': 'medium', 'hiring_velocity': 'low', 'ai_maturity': 'low', 'overall_brief_confidence': 'medium'}
  Honesty flags: ['weak_hiring_velocity_signal', 'weak_ai_maturity_signal', 'tech_stack_inferred_not_confirmed']

── Probe 1.6 [ICP Misclassification] ──
  Hypothesis: Zero signals should produce abstain, not fallback to Seg 1
  Expected:   segment=abstain
  Actual:     segment=abstain
  Status:     ✅ PASS (severity: HIGH)

Running enrichment pipeline for: ConfBounds
  [1/6] Looking up Crunchbase data...
  Company 'ConfBounds' not in ODM sample - using mock data
  [2/6] Checking funding events...
  [3/6] Checking layoffs.fyi...
layoffs.csv not found - returning no layoff signal
  [4/6] Fetching job posts...
Fetching jobs from RemoteOK...
Total jobs fetched: 99
Sample job structure:
{
  "slug": "remote-applied-ai-engineer-europe-amigo-1131296",
  "id": "1131296",
  "epoch": 1776960017,
  "date": "2026-04-23T16:00:17+00:00",
  "company": "Amigo",
  "company_logo": "",
  "position": "Applied AI Engineer Europe",
  "tags": [
    "system",
    "python",
    "technical",
    "support",
    "software",
    "testing",
    "code",
    "investment",
    "git",
    "api",
    "leader",
    "operational",
    "reliability",
    "go",
    "health",
    "healthcare",
    "engineer",
    "engineering"
  ],
  "description": "<h1>About Amigo</h1><p style=\"min-height:1.5em\">Amigo partners with healthcare organizations to deploy robust AI infrastructure that directly serves patients and providers. Our agents handle clinical workflows and patient engagement across the entire journey: pre-visit intake, care navigation, post-visit care plans, patient monitoring, and more.</p><p style=\"min-height:1.5em\">We're fresh off our Series A backed by Tier 1 investors like Madrona, General Catalyst, and Optum Ventures. Our work is validated with leading academic medical institutions. Our agents have reached 3M+ patient encounters and are on track to 10x this year.</p><h1>About this role</h1><p style=\"min-height:1.5em\">The Applied AI Engineer role at Amigo is a launchpad. You'll ship production AI agents end-to-end \u00e2\u0080\u0094 writing the code, shaping product decisions, and sitting with customers as they deploy \u00e2\u0080\u0094 and in doing so, you'll build the exact skill set that opens doors to the next chapter of your career at Amigo.</p><p style=\"min-height:1.5em\"><strong>This role is designed to help you grow into other parts of the company.</strong> Applied AI Engineers move into one of four paths within 6\u00e2\u0080\u009312 months:</p><p style=\"min-height:1.5em\"></p><ul style=\"min-height:1.5em\"><li><p style=\"min-height:1.5em\"><strong>Applied AI</strong>: stay in the org; go deeper on agent architecture, verification frameworks, and the hardest customer problems; become a technical leader on the applied team</p></li><li><p style=\"min-height:1.5em\"><strong>Product Management</strong>: if you gravitate toward roadmap, discovery, and shaping what we build next</p></li><li><p style=\"min-height:1.5em\"><strong>Sales Engineering</strong>: if you thrive in pre-sales, technical storytelling, and closing enterprise deals</p></li><li><p style=\"min-height:1.5em\"><strong>Software Engineering</strong>: if you want to go deeper on platform, infrastructure, and core systems</p></li></ul><p style=\"min-height:1.5em\"></p><p style=\"min-height:1.5em\">You won't have to guess which fits. This role will actively help you explore each path, give you projects that stretch in those directions, and sponsor the internal transition when you're ready. People who want to stay on the applied side long-term can do that too \u00e2\u0080\u0094 but this role is explicitly built so you don't have to.</p><h1>What you'll do</h1><ul style=\"min-height:1.5em\"><li><p style=\"min-height:1.5em\">Implement context graphs that enable agents to select the right reasoning mode (lookup, pattern recognition, exploration) based on problem complexity</p></li><li><p style=\"min-height:1.5em\">Build and optimize agent configurations, including static personas, dynamic behaviors, and functional memory systems</p></li><li><p style=\"min-height:1.5em\">Design bounded Operational Patient Domains (OPDs) with explicit inclusions, exclusions, capabilities, and escalation rules</p></li><li><p style=\"min-height:1.5em\">Implement verification loops and simulation-based testing to validate agent performance against customer KPIs</p></li><li><p style=\"min-height:1.5em\">Write Python code for tool integrations and API orchestration within customer environments</p></li><li><p style=\"min-height:1.5em\">Build evaluation suites that gate deployments using customer-specific success metrics</p></li><li><p style=\"min-height:1.5em\">Collaborate with domain experts through structured interviews to capture reasoning patterns and clinical protocols</p></li><li><p style=\"min-height:1.5em\">Support technical power users through git-based workflows for rapid iteration</p></li><li><p style=\"min-height:1.5em\">Implement adversarial testing to systematically identify and prevent failure modes</p></li><li><p style=\"min-height:1.5em\">Ensure agents maintain audit-ready provenance with version pinning and evidence links</p></li><li><p style=\"min-height:1.5em\">Contribute to systematizing implementation patterns across different problem domains</p></li></ul><h1>What we're looking for</h1><ul style=\"min-height:1.5em\"><li><p style=\"min-height:1.5em\">2+ years of production software engineering experience</p></li><li><p style=\"min-height:1.5em\">Strong Python skills including proper use of typing, and experience building highly reliable systems that interact with external APIs (schema design, retry strategies, error propagation)</p></li><li><p style=\"min-height:1.5em\">Experience with LLMs, prompt engineering, and building on AI platforms</p></li><li><p style=\"min-height:1.5em\">Ability to implement systems with strict reliability requirements</p></li><li><p style=\"min-height:1.5em\">Understanding of testing and verification methodologies</p></li><li><p style=\"min-height:1.5em\">Experience working directly with customers or stakeholders to deliver technical solutions</p></li><li><p style=\"min-height:1.5em\">Familiarity with git workflows and collaborative development</p></li><li><p style=\"min-height:1.5em\">Strong debugging and problem-solving skills for complex systems</p></li><li><p style=\"min-height:1.5em\">Ability to balance theoretical concepts with practical implementation constraints</p></li><li><p style=\"min-height:1.5em\">Clear technical communication for both engineering and non-technical audiences</p></li></ul><h1>Nice to have</h1><ul style=\"min-height:1.5em\"><li><p style=\"min-height:1.5em\">Experience in regulated industries (healthcare, finance, legal)</p></li><li><p style=\"min-height:1.5em\">Background with simulation, synthetic data, or evaluation frameworks</p></li><li><p style=\"min-height:1.5em\">Understanding of distributed systems and service-oriented architectures</p></li><li><p style=\"min-height:1.5em\">Experience with observability and monitoring in production environments</p></li><li><p style=\"min-height:1.5em\">Familiarity with compliance requirements (HIPAA, SOC 2, GDPR) </p></li></ul><h1>Benefits</h1><p style=\"min-height:1.5em\"></p><h2>Health &amp; Wellness</h2><ul style=\"min-height:1.5em\"><li><p style=\"min-height:1.5em\">Comprehensive health, dental, and vision insurance</p></li><li><p style=\"min-height:1.5em\">Daily catered lunch and dinner</p></li><li><p style=\"min-height:1.5em\">Mental health support and wellness coaching</p></li><li><p style=\"min-height:1.5em\">Flexible wellness stipend for fitness, therapy, or personal growth</p></li></ul><h2>Growth &amp; Development</h2><ul style=\"min-height:1.5em\"><li><p style=\"min-height:1.5em\">Annual learning budget for courses, books, or conferences</p></li><li><p style=\"min-height:1.5em\">Conference attendance budget for professional development</p></li><li><p style=\"min-height:1.5em\">Annual team offsite</p></li><li><p style=\"min-height:1.5em\">Academic collaboration opportunities</p></li><li><p style=\"min-height:1.5em\">Unlimited PTO</p></li></ul><p style=\"min-height:1.5em\"></p><h1>Our Core Values</h1><ol style=\"min-height:1.5em\"><li><p style=\"min-height:1.5em\"><strong>Patients Win, We Win</strong></p><p style=\"min-height:1.5em\">If patients aren't getting better care, we haven't earned the right to scale. Every internal decision gets pressure-tested: does this make patients' lives better? If we can't draw the line, we question why we're doing it.</p></li><li><p style=\"min-height:1.5em\"><strong>High Standards, High Care</strong></p><p style=\"min-height:1.5em\">We hold a high bar for the team because patients are counting on us to get this right. But high standards only work with genuine investment in each other. You can take risks, admit mistakes, and challenge ideas\u00e2\u0080\u0094not despite our standards, but because of them.</p></li><li><p style=\"min-height:1.5em\"><strong>Thoughtful Urgency</strong></p><p style=\"min-height:1.5em\">We move fast by default, but speed without judgment is recklessness. The discipline is knowing which decisions are reversible vs. not. In healthcare AI, the companies that win will be fast everywhere they can be and careful everywhere they must be. We build the muscle to do both.</p></li><li><p style=\"min-height:1.5em\"><strong>Intensely Measured</strong></p><p style=\"min-height:1.5em\">We instrument patient outcomes, provider ROI, system performance, and clinical accuracy. But data without action is surveillance. Every metric should have an owner, a threshold, and a response plan. If we're measuring something but never acting on it, we stop measuring it.</p><p style=\"min-height:1.5em\"></p></li></ol><h1>Who Builds With Us</h1><ul style=\"min-height:1.5em\"><li><p style=\"min-height:1.5em\"><strong>Low ego: </strong>Politics and territory don't interest you. The best ideas win, regardless of who has them.</p></li><li><p style=\"min-height:1.5em\"><strong>Direct: </strong>You say the hard thing, challenge ideas openly, and commit fully once decided.</p></li><li><p style=\"min-height:1.5em\"><strong>High agency: </strong>You thrive on trust rather than instruction. When you see something is broken, you fix it. You don\u00e2\u0080\u0099t file tickets and wait for someone else.</p></li><li><p style=\"min-height:1.5em\"><strong>Bar of excellence: </strong>You hold yourself to a bar most people wouldn't, and you want teammates who do the same.</p></li><li><p style=\"min-height:1.5em\"><strong>Skeptical: </strong>You push back on rules that don\u00e2\u0080\u0099t make sense and question assumptions that haven\u00e2\u0080\u0099t earned their place.</p></li></ul><br/><br/>Please mention the word **READABLE** and tag RMTk3LjE1Ni43MS42NQ== when applying to show you read the job post completely (#RMTk3LjE1Ni43MS42NQ==). This is a beta feature to avoid spam applicants. Companies can search these words to find applicants that read this and see they're human.",
  "location": "Amsterdam",
  "apply_url": "https://remoteOK.com/remote-jobs/remote-applied-ai-engineer-europe-amigo-1131296",
  "salary_min": 0,
  "salary_max": 0,
  "logo": "",
  "url": "https://remoteOK.com/remote-jobs/remote-applied-ai-engineer-europe-amigo-1131296"
}
  [5/6] Checking leadership changes...
  [6/6] Scoring AI maturity...

  Brief saved to: outputs/hiring_signal_brief_confbounds.json
  Segment: segment_4_specialized_capability (confidence: 0.7)
  AI Maturity: 3/3
  Leadership detected: False (method: mock, confidence: medium)
  Signal confidence summary: {'crunchbase_firmographics': 'low', 'funding_event': 'medium', 'layoff_event': 'low', 'leadership_change': 'medium', 'hiring_velocity': 'low', 'ai_maturity': 'medium', 'overall_brief_confidence': 'high'}
  Honesty flags: ['weak_hiring_velocity_signal', 'tech_stack_inferred_not_confirmed']

── Probe 1.7 [ICP Misclassification] ──
  Hypothesis: segment_confidence is bounded [0.4, 1.0]
  Expected:   0.4 <= confidence <= 1.0
  Actual:     confidence=0.7
  Status:     ✅ PASS (severity: LOW)

Running enrichment pipeline for: BenchCheck
  [1/6] Looking up Crunchbase data...
  Company 'BenchCheck' not in ODM sample - using mock data
  [2/6] Checking funding events...
  [3/6] Checking layoffs.fyi...
layoffs.csv not found - returning no layoff signal
  [4/6] Fetching job posts...
Fetching jobs from RemoteOK...
Total jobs fetched: 99
Sample job structure:
{
  "slug": "remote-applied-ai-engineer-europe-amigo-1131296",
  "id": "1131296",
  "epoch": 1776960017,
  "date": "2026-04-23T16:00:17+00:00",
  "company": "Amigo",
  "company_logo": "",
  "position": "Applied AI Engineer Europe",
  "tags": [
    "system",
    "python",
    "technical",
    "support",
    "software",
    "testing",
    "code",
    "investment",
    "git",
    "api",
    "leader",
    "operational",
    "reliability",
    "go",
    "health",
    "healthcare",
    "engineer",
    "engineering"
  ],
  "description": "<h1>About Amigo</h1><p style=\"min-height:1.5em\">Amigo partners with healthcare organizations to deploy robust AI infrastructure that directly serves patients and providers. Our agents handle clinical workflows and patient engagement across the entire journey: pre-visit intake, care navigation, post-visit care plans, patient monitoring, and more.</p><p style=\"min-height:1.5em\">We're fresh off our Series A backed by Tier 1 investors like Madrona, General Catalyst, and Optum Ventures. Our work is validated with leading academic medical institutions. Our agents have reached 3M+ patient encounters and are on track to 10x this year.</p><h1>About this role</h1><p style=\"min-height:1.5em\">The Applied AI Engineer role at Amigo is a launchpad. You'll ship production AI agents end-to-end \u00e2\u0080\u0094 writing the code, shaping product decisions, and sitting with customers as they deploy \u00e2\u0080\u0094 and in doing so, you'll build the exact skill set that opens doors to the next chapter of your career at Amigo.</p><p style=\"min-height:1.5em\"><strong>This role is designed to help you grow into other parts of the company.</strong> Applied AI Engineers move into one of four paths within 6\u00e2\u0080\u009312 months:</p><p style=\"min-height:1.5em\"></p><ul style=\"min-height:1.5em\"><li><p style=\"min-height:1.5em\"><strong>Applied AI</strong>: stay in the org; go deeper on agent architecture, verification frameworks, and the hardest customer problems; become a technical leader on the applied team</p></li><li><p style=\"min-height:1.5em\"><strong>Product Management</strong>: if you gravitate toward roadmap, discovery, and shaping what we build next</p></li><li><p style=\"min-height:1.5em\"><strong>Sales Engineering</strong>: if you thrive in pre-sales, technical storytelling, and closing enterprise deals</p></li><li><p style=\"min-height:1.5em\"><strong>Software Engineering</strong>: if you want to go deeper on platform, infrastructure, and core systems</p></li></ul><p style=\"min-height:1.5em\"></p><p style=\"min-height:1.5em\">You won't have to guess which fits. This role will actively help you explore each path, give you projects that stretch in those directions, and sponsor the internal transition when you're ready. People who want to stay on the applied side long-term can do that too \u00e2\u0080\u0094 but this role is explicitly built so you don't have to.</p><h1>What you'll do</h1><ul style=\"min-height:1.5em\"><li><p style=\"min-height:1.5em\">Implement context graphs that enable agents to select the right reasoning mode (lookup, pattern recognition, exploration) based on problem complexity</p></li><li><p style=\"min-height:1.5em\">Build and optimize agent configurations, including static personas, dynamic behaviors, and functional memory systems</p></li><li><p style=\"min-height:1.5em\">Design bounded Operational Patient Domains (OPDs) with explicit inclusions, exclusions, capabilities, and escalation rules</p></li><li><p style=\"min-height:1.5em\">Implement verification loops and simulation-based testing to validate agent performance against customer KPIs</p></li><li><p style=\"min-height:1.5em\">Write Python code for tool integrations and API orchestration within customer environments</p></li><li><p style=\"min-height:1.5em\">Build evaluation suites that gate deployments using customer-specific success metrics</p></li><li><p style=\"min-height:1.5em\">Collaborate with domain experts through structured interviews to capture reasoning patterns and clinical protocols</p></li><li><p style=\"min-height:1.5em\">Support technical power users through git-based workflows for rapid iteration</p></li><li><p style=\"min-height:1.5em\">Implement adversarial testing to systematically identify and prevent failure modes</p></li><li><p style=\"min-height:1.5em\">Ensure agents maintain audit-ready provenance with version pinning and evidence links</p></li><li><p style=\"min-height:1.5em\">Contribute to systematizing implementation patterns across different problem domains</p></li></ul><h1>What we're looking for</h1><ul style=\"min-height:1.5em\"><li><p style=\"min-height:1.5em\">2+ years of production software engineering experience</p></li><li><p style=\"min-height:1.5em\">Strong Python skills including proper use of typing, and experience building highly reliable systems that interact with external APIs (schema design, retry strategies, error propagation)</p></li><li><p style=\"min-height:1.5em\">Experience with LLMs, prompt engineering, and building on AI platforms</p></li><li><p style=\"min-height:1.5em\">Ability to implement systems with strict reliability requirements</p></li><li><p style=\"min-height:1.5em\">Understanding of testing and verification methodologies</p></li><li><p style=\"min-height:1.5em\">Experience working directly with customers or stakeholders to deliver technical solutions</p></li><li><p style=\"min-height:1.5em\">Familiarity with git workflows and collaborative development</p></li><li><p style=\"min-height:1.5em\">Strong debugging and problem-solving skills for complex systems</p></li><li><p style=\"min-height:1.5em\">Ability to balance theoretical concepts with practical implementation constraints</p></li><li><p style=\"min-height:1.5em\">Clear technical communication for both engineering and non-technical audiences</p></li></ul><h1>Nice to have</h1><ul style=\"min-height:1.5em\"><li><p style=\"min-height:1.5em\">Experience in regulated industries (healthcare, finance, legal)</p></li><li><p style=\"min-height:1.5em\">Background with simulation, synthetic data, or evaluation frameworks</p></li><li><p style=\"min-height:1.5em\">Understanding of distributed systems and service-oriented architectures</p></li><li><p style=\"min-height:1.5em\">Experience with observability and monitoring in production environments</p></li><li><p style=\"min-height:1.5em\">Familiarity with compliance requirements (HIPAA, SOC 2, GDPR) </p></li></ul><h1>Benefits</h1><p style=\"min-height:1.5em\"></p><h2>Health &amp; Wellness</h2><ul style=\"min-height:1.5em\"><li><p style=\"min-height:1.5em\">Comprehensive health, dental, and vision insurance</p></li><li><p style=\"min-height:1.5em\">Daily catered lunch and dinner</p></li><li><p style=\"min-height:1.5em\">Mental health support and wellness coaching</p></li><li><p style=\"min-height:1.5em\">Flexible wellness stipend for fitness, therapy, or personal growth</p></li></ul><h2>Growth &amp; Development</h2><ul style=\"min-height:1.5em\"><li><p style=\"min-height:1.5em\">Annual learning budget for courses, books, or conferences</p></li><li><p style=\"min-height:1.5em\">Conference attendance budget for professional development</p></li><li><p style=\"min-height:1.5em\">Annual team offsite</p></li><li><p style=\"min-height:1.5em\">Academic collaboration opportunities</p></li><li><p style=\"min-height:1.5em\">Unlimited PTO</p></li></ul><p style=\"min-height:1.5em\"></p><h1>Our Core Values</h1><ol style=\"min-height:1.5em\"><li><p style=\"min-height:1.5em\"><strong>Patients Win, We Win</strong></p><p style=\"min-height:1.5em\">If patients aren't getting better care, we haven't earned the right to scale. Every internal decision gets pressure-tested: does this make patients' lives better? If we can't draw the line, we question why we're doing it.</p></li><li><p style=\"min-height:1.5em\"><strong>High Standards, High Care</strong></p><p style=\"min-height:1.5em\">We hold a high bar for the team because patients are counting on us to get this right. But high standards only work with genuine investment in each other. You can take risks, admit mistakes, and challenge ideas\u00e2\u0080\u0094not despite our standards, but because of them.</p></li><li><p style=\"min-height:1.5em\"><strong>Thoughtful Urgency</strong></p><p style=\"min-height:1.5em\">We move fast by default, but speed without judgment is recklessness. The discipline is knowing which decisions are reversible vs. not. In healthcare AI, the companies that win will be fast everywhere they can be and careful everywhere they must be. We build the muscle to do both.</p></li><li><p style=\"min-height:1.5em\"><strong>Intensely Measured</strong></p><p style=\"min-height:1.5em\">We instrument patient outcomes, provider ROI, system performance, and clinical accuracy. But data without action is surveillance. Every metric should have an owner, a threshold, and a response plan. If we're measuring something but never acting on it, we stop measuring it.</p><p style=\"min-height:1.5em\"></p></li></ol><h1>Who Builds With Us</h1><ul style=\"min-height:1.5em\"><li><p style=\"min-height:1.5em\"><strong>Low ego: </strong>Politics and territory don't interest you. The best ideas win, regardless of who has them.</p></li><li><p style=\"min-height:1.5em\"><strong>Direct: </strong>You say the hard thing, challenge ideas openly, and commit fully once decided.</p></li><li><p style=\"min-height:1.5em\"><strong>High agency: </strong>You thrive on trust rather than instruction. When you see something is broken, you fix it. You don\u00e2\u0080\u0099t file tickets and wait for someone else.</p></li><li><p style=\"min-height:1.5em\"><strong>Bar of excellence: </strong>You hold yourself to a bar most people wouldn't, and you want teammates who do the same.</p></li><li><p style=\"min-height:1.5em\"><strong>Skeptical: </strong>You push back on rules that don\u00e2\u0080\u0099t make sense and question assumptions that haven\u00e2\u0080\u0099t earned their place.</p></li></ul><br/><br/>Please mention the word **READABLE** and tag RMTk3LjE1Ni43MS42NQ== when applying to show you read the job post completely (#RMTk3LjE1Ni43MS42NQ==). This is a beta feature to avoid spam applicants. Companies can search these words to find applicants that read this and see they're human.",
  "location": "Amsterdam",
  "apply_url": "https://remoteOK.com/remote-jobs/remote-applied-ai-engineer-europe-amigo-1131296",
  "salary_min": 0,
  "salary_max": 0,
  "logo": "",
  "url": "https://remoteOK.com/remote-jobs/remote-applied-ai-engineer-europe-amigo-1131296"
}
  [5/6] Checking leadership changes...
  [6/6] Scoring AI maturity...

  Brief saved to: outputs/hiring_signal_brief_benchcheck.json
  Segment: segment_4_specialized_capability (confidence: 0.7)
  AI Maturity: 2/3
  Leadership detected: False (method: mock, confidence: medium)
  Signal confidence summary: {'crunchbase_firmographics': 'low', 'funding_event': 'medium', 'layoff_event': 'low', 'leadership_change': 'medium', 'hiring_velocity': 'low', 'ai_maturity': 'medium', 'overall_brief_confidence': 'high'}
  Honesty flags: ['weak_hiring_velocity_signal', 'tech_stack_inferred_not_confirmed']

── Probe 3.5 [Bench Over-commitment] ──
  Hypothesis: Every brief includes bench_to_brief_match field
  Expected:   bench_to_brief_match with gaps list
  Actual:     has_field=True, gaps=[]
  Status:     ✅ PASS (severity: MEDIUM)

Running enrichment pipeline for: StackCheck
  [1/6] Looking up Crunchbase data...
  Company 'StackCheck' not in ODM sample - using mock data
  [2/6] Checking funding events...
  [3/6] Checking layoffs.fyi...
layoffs.csv not found - returning no layoff signal
  [4/6] Fetching job posts...
Fetching jobs from RemoteOK...
Total jobs fetched: 99
Sample job structure:
{
  "slug": "remote-applied-ai-engineer-europe-amigo-1131296",
  "id": "1131296",
  "epoch": 1776960017,
  "date": "2026-04-23T16:00:17+00:00",
  "company": "Amigo",
  "company_logo": "",
  "position": "Applied AI Engineer Europe",
  "tags": [
    "system",
    "python",
    "technical",
    "support",
    "software",
    "testing",
    "code",
    "investment",
    "git",
    "api",
    "leader",
    "operational",
    "reliability",
    "go",
    "health",
    "healthcare",
    "engineer",
    "engineering"
  ],
  "description": "<h1>About Amigo</h1><p style=\"min-height:1.5em\">Amigo partners with healthcare organizations to deploy robust AI infrastructure that directly serves patients and providers. Our agents handle clinical workflows and patient engagement across the entire journey: pre-visit intake, care navigation, post-visit care plans, patient monitoring, and more.</p><p style=\"min-height:1.5em\">We're fresh off our Series A backed by Tier 1 investors like Madrona, General Catalyst, and Optum Ventures. Our work is validated with leading academic medical institutions. Our agents have reached 3M+ patient encounters and are on track to 10x this year.</p><h1>About this role</h1><p style=\"min-height:1.5em\">The Applied AI Engineer role at Amigo is a launchpad. You'll ship production AI agents end-to-end \u00e2\u0080\u0094 writing the code, shaping product decisions, and sitting with customers as they deploy \u00e2\u0080\u0094 and in doing so, you'll build the exact skill set that opens doors to the next chapter of your career at Amigo.</p><p style=\"min-height:1.5em\"><strong>This role is designed to help you grow into other parts of the company.</strong> Applied AI Engineers move into one of four paths within 6\u00e2\u0080\u009312 months:</p><p style=\"min-height:1.5em\"></p><ul style=\"min-height:1.5em\"><li><p style=\"min-height:1.5em\"><strong>Applied AI</strong>: stay in the org; go deeper on agent architecture, verification frameworks, and the hardest customer problems; become a technical leader on the applied team</p></li><li><p style=\"min-height:1.5em\"><strong>Product Management</strong>: if you gravitate toward roadmap, discovery, and shaping what we build next</p></li><li><p style=\"min-height:1.5em\"><strong>Sales Engineering</strong>: if you thrive in pre-sales, technical storytelling, and closing enterprise deals</p></li><li><p style=\"min-height:1.5em\"><strong>Software Engineering</strong>: if you want to go deeper on platform, infrastructure, and core systems</p></li></ul><p style=\"min-height:1.5em\"></p><p style=\"min-height:1.5em\">You won't have to guess which fits. This role will actively help you explore each path, give you projects that stretch in those directions, and sponsor the internal transition when you're ready. People who want to stay on the applied side long-term can do that too \u00e2\u0080\u0094 but this role is explicitly built so you don't have to.</p><h1>What you'll do</h1><ul style=\"min-height:1.5em\"><li><p style=\"min-height:1.5em\">Implement context graphs that enable agents to select the right reasoning mode (lookup, pattern recognition, exploration) based on problem complexity</p></li><li><p style=\"min-height:1.5em\">Build and optimize agent configurations, including static personas, dynamic behaviors, and functional memory systems</p></li><li><p style=\"min-height:1.5em\">Design bounded Operational Patient Domains (OPDs) with explicit inclusions, exclusions, capabilities, and escalation rules</p></li><li><p style=\"min-height:1.5em\">Implement verification loops and simulation-based testing to validate agent performance against customer KPIs</p></li><li><p style=\"min-height:1.5em\">Write Python code for tool integrations and API orchestration within customer environments</p></li><li><p style=\"min-height:1.5em\">Build evaluation suites that gate deployments using customer-specific success metrics</p></li><li><p style=\"min-height:1.5em\">Collaborate with domain experts through structured interviews to capture reasoning patterns and clinical protocols</p></li><li><p style=\"min-height:1.5em\">Support technical power users through git-based workflows for rapid iteration</p></li><li><p style=\"min-height:1.5em\">Implement adversarial testing to systematically identify and prevent failure modes</p></li><li><p style=\"min-height:1.5em\">Ensure agents maintain audit-ready provenance with version pinning and evidence links</p></li><li><p style=\"min-height:1.5em\">Contribute to systematizing implementation patterns across different problem domains</p></li></ul><h1>What we're looking for</h1><ul style=\"min-height:1.5em\"><li><p style=\"min-height:1.5em\">2+ years of production software engineering experience</p></li><li><p style=\"min-height:1.5em\">Strong Python skills including proper use of typing, and experience building highly reliable systems that interact with external APIs (schema design, retry strategies, error propagation)</p></li><li><p style=\"min-height:1.5em\">Experience with LLMs, prompt engineering, and building on AI platforms</p></li><li><p style=\"min-height:1.5em\">Ability to implement systems with strict reliability requirements</p></li><li><p style=\"min-height:1.5em\">Understanding of testing and verification methodologies</p></li><li><p style=\"min-height:1.5em\">Experience working directly with customers or stakeholders to deliver technical solutions</p></li><li><p style=\"min-height:1.5em\">Familiarity with git workflows and collaborative development</p></li><li><p style=\"min-height:1.5em\">Strong debugging and problem-solving skills for complex systems</p></li><li><p style=\"min-height:1.5em\">Ability to balance theoretical concepts with practical implementation constraints</p></li><li><p style=\"min-height:1.5em\">Clear technical communication for both engineering and non-technical audiences</p></li></ul><h1>Nice to have</h1><ul style=\"min-height:1.5em\"><li><p style=\"min-height:1.5em\">Experience in regulated industries (healthcare, finance, legal)</p></li><li><p style=\"min-height:1.5em\">Background with simulation, synthetic data, or evaluation frameworks</p></li><li><p style=\"min-height:1.5em\">Understanding of distributed systems and service-oriented architectures</p></li><li><p style=\"min-height:1.5em\">Experience with observability and monitoring in production environments</p></li><li><p style=\"min-height:1.5em\">Familiarity with compliance requirements (HIPAA, SOC 2, GDPR) </p></li></ul><h1>Benefits</h1><p style=\"min-height:1.5em\"></p><h2>Health &amp; Wellness</h2><ul style=\"min-height:1.5em\"><li><p style=\"min-height:1.5em\">Comprehensive health, dental, and vision insurance</p></li><li><p style=\"min-height:1.5em\">Daily catered lunch and dinner</p></li><li><p style=\"min-height:1.5em\">Mental health support and wellness coaching</p></li><li><p style=\"min-height:1.5em\">Flexible wellness stipend for fitness, therapy, or personal growth</p></li></ul><h2>Growth &amp; Development</h2><ul style=\"min-height:1.5em\"><li><p style=\"min-height:1.5em\">Annual learning budget for courses, books, or conferences</p></li><li><p style=\"min-height:1.5em\">Conference attendance budget for professional development</p></li><li><p style=\"min-height:1.5em\">Annual team offsite</p></li><li><p style=\"min-height:1.5em\">Academic collaboration opportunities</p></li><li><p style=\"min-height:1.5em\">Unlimited PTO</p></li></ul><p style=\"min-height:1.5em\"></p><h1>Our Core Values</h1><ol style=\"min-height:1.5em\"><li><p style=\"min-height:1.5em\"><strong>Patients Win, We Win</strong></p><p style=\"min-height:1.5em\">If patients aren't getting better care, we haven't earned the right to scale. Every internal decision gets pressure-tested: does this make patients' lives better? If we can't draw the line, we question why we're doing it.</p></li><li><p style=\"min-height:1.5em\"><strong>High Standards, High Care</strong></p><p style=\"min-height:1.5em\">We hold a high bar for the team because patients are counting on us to get this right. But high standards only work with genuine investment in each other. You can take risks, admit mistakes, and challenge ideas\u00e2\u0080\u0094not despite our standards, but because of them.</p></li><li><p style=\"min-height:1.5em\"><strong>Thoughtful Urgency</strong></p><p style=\"min-height:1.5em\">We move fast by default, but speed without judgment is recklessness. The discipline is knowing which decisions are reversible vs. not. In healthcare AI, the companies that win will be fast everywhere they can be and careful everywhere they must be. We build the muscle to do both.</p></li><li><p style=\"min-height:1.5em\"><strong>Intensely Measured</strong></p><p style=\"min-height:1.5em\">We instrument patient outcomes, provider ROI, system performance, and clinical accuracy. But data without action is surveillance. Every metric should have an owner, a threshold, and a response plan. If we're measuring something but never acting on it, we stop measuring it.</p><p style=\"min-height:1.5em\"></p></li></ol><h1>Who Builds With Us</h1><ul style=\"min-height:1.5em\"><li><p style=\"min-height:1.5em\"><strong>Low ego: </strong>Politics and territory don't interest you. The best ideas win, regardless of who has them.</p></li><li><p style=\"min-height:1.5em\"><strong>Direct: </strong>You say the hard thing, challenge ideas openly, and commit fully once decided.</p></li><li><p style=\"min-height:1.5em\"><strong>High agency: </strong>You thrive on trust rather than instruction. When you see something is broken, you fix it. You don\u00e2\u0080\u0099t file tickets and wait for someone else.</p></li><li><p style=\"min-height:1.5em\"><strong>Bar of excellence: </strong>You hold yourself to a bar most people wouldn't, and you want teammates who do the same.</p></li><li><p style=\"min-height:1.5em\"><strong>Skeptical: </strong>You push back on rules that don\u00e2\u0080\u0099t make sense and question assumptions that haven\u00e2\u0080\u0099t earned their place.</p></li></ul><br/><br/>Please mention the word **READABLE** and tag RMTk3LjE1Ni43MS42NQ== when applying to show you read the job post completely (#RMTk3LjE1Ni43MS42NQ==). This is a beta feature to avoid spam applicants. Companies can search these words to find applicants that read this and see they're human.",
  "location": "Amsterdam",
  "apply_url": "https://remoteOK.com/remote-jobs/remote-applied-ai-engineer-europe-amigo-1131296",
  "salary_min": 0,
  "salary_max": 0,
  "logo": "",
  "url": "https://remoteOK.com/remote-jobs/remote-applied-ai-engineer-europe-amigo-1131296"
}
  [5/6] Checking leadership changes...
  [6/6] Scoring AI maturity...

  Brief saved to: outputs/hiring_signal_brief_stackcheck.json
  Segment: abstain (confidence: 0.4)
  AI Maturity: 0/3
  Leadership detected: False (method: mock, confidence: medium)
  Signal confidence summary: {'crunchbase_firmographics': 'low', 'funding_event': 'medium', 'layoff_event': 'low', 'leadership_change': 'medium', 'hiring_velocity': 'low', 'ai_maturity': 'low', 'overall_brief_confidence': 'medium'}
  Honesty flags: ['weak_hiring_velocity_signal', 'weak_ai_maturity_signal', 'tech_stack_inferred_not_confirmed']

── Probe 3.6 [Bench Over-commitment] ──
  Hypothesis: tech_stack defaults to ['python'] when no signals
  Expected:   stacks list is non-empty
  Actual:     stacks=['python']
  Status:     ✅ PASS (severity: LOW)

======================================================================
RESULTS — Batch 2 (28 probes)
======================================================================

Total: 28 probes
Passed: 26
Failed: 2

By Category:
  Tone Drift                     4/4 passed (fail rate: 0%)
  Multi-thread Leakage           2/2 passed (fail rate: 0%)
  Cost Pathology                 1/3 passed (fail rate: 67%)
  Dual Control                   2/2 passed (fail rate: 0%)
  Scheduling                     2/2 passed (fail rate: 0%)
  Signal Reliability             6/6 passed (fail rate: 0%)
  Gap Over-claiming              2/2 passed (fail rate: 0%)
  Signal Over-claiming           3/3 passed (fail rate: 0%)
  ICP Misclassification          2/2 passed (fail rate: 0%)
  Bench Over-commitment          2/2 passed (fail rate: 0%)

Results saved to: probes/probe_results_batch2.json
